0.000000000000000000e+00
7.657446476011876661e-03
1.531489295202375332e-02
2.297233942803562912e-02
3.062978590404750664e-02
3.828723238005938417e-02
4.594467885607125823e-02
5.360212533208313923e-02
6.125957180809501329e-02
6.891701828410688735e-02
7.657446476011876835e-02
8.423191123613064935e-02
9.188935771214251647e-02
9.954680418815439746e-02
1.072042506641662785e-01
1.148616971401781456e-01
1.225191436161900266e-01
1.301765900922018937e-01
1.378340365682137747e-01
1.454914830442256557e-01
1.531489295202375367e-01
1.608063759962494177e-01
1.684638224722612987e-01
1.761212689482731519e-01
1.837787154242850329e-01
1.914361619002969139e-01
1.990936083763087949e-01
2.067510548523206759e-01
2.144085013283325569e-01
2.220659478043444102e-01
2.297233942803562912e-01
2.373808407563681722e-01
2.450382872323800532e-01
2.526957337083919342e-01
2.603531801844037874e-01
2.680106266604156962e-01
2.756680731364275494e-01
2.833255196124394582e-01
2.909829660884513114e-01
2.986404125644631646e-01
3.062978590404750734e-01
3.139553055164869266e-01
3.216127519924988354e-01
3.292701984685106886e-01
3.369276449445225974e-01
3.445850914205344506e-01
3.522425378965463039e-01
3.598999843725582126e-01
3.675574308485700659e-01
3.752148773245819746e-01
3.828723238005938279e-01
3.905297702766057366e-01
3.981872167526175899e-01
4.058446632286294431e-01
4.135021097046413519e-01
4.211595561806532051e-01
4.288170026566651138e-01
4.364744491326769671e-01
4.441318956086888203e-01
4.517893420847007291e-01
4.594467885607125823e-01
4.671042350367244911e-01
4.747616815127363443e-01
4.824191279887482531e-01
4.900765744647601063e-01
4.977340209407719596e-01
5.053914674167838683e-01
5.130489138927957216e-01
5.207063603688075748e-01
5.283638068448195391e-01
5.360212533208313923e-01
5.436786997968432456e-01
5.513361462728550988e-01
5.589935927488669520e-01
5.666510392248789163e-01
5.743084857008907695e-01
5.819659321769026228e-01
5.896233786529144760e-01
5.972808251289263293e-01
6.049382716049382935e-01
6.125957180809501468e-01
6.202531645569620000e-01
6.279106110329738533e-01
6.355680575089858175e-01
6.432255039849976708e-01
6.508829504610095240e-01
6.585403969370213773e-01
6.661978434130332305e-01
6.738552898890451948e-01
6.815127363650570480e-01
6.891701828410689012e-01
6.968276293170807545e-01
7.044850757930926077e-01
7.121425222691045720e-01
7.197999687451164252e-01
7.274574152211282785e-01
7.351148616971401317e-01
7.427723081731519850e-01
7.504297546491639492e-01
7.580872011251758025e-01
7.657446476011876557e-01
7.734020940771995090e-01
7.810595405532114732e-01
7.887169870292233265e-01
7.963744335052351797e-01
8.040318799812470330e-01
8.116893264572588862e-01
8.193467729332708505e-01
8.270042194092827037e-01
8.346616658852945569e-01
8.423191123613064102e-01
8.499765588373182634e-01
8.576340053133302277e-01
8.652914517893420809e-01
8.729488982653539342e-01
8.806063447413657874e-01
8.882637912173776407e-01
8.959212376933896049e-01
9.035786841694014582e-01
9.112361306454133114e-01
9.188935771214251647e-01
9.265510235974371289e-01
9.342084700734489822e-01
9.418659165494608354e-01
9.495233630254726886e-01
9.571808095014845419e-01
9.648382559774965062e-01
9.724957024535083594e-01
9.801531489295202126e-01
9.878105954055320659e-01
9.954680418815439191e-01
1.003125488357555772e+00
1.010782934833567737e+00
1.018440381309579701e+00
1.026097827785591443e+00
1.033755274261603407e+00
1.041412720737615150e+00
1.049070167213627114e+00
1.056727613689639078e+00
1.064385060165650820e+00
1.072042506641662785e+00
1.079699953117674527e+00
1.087357399593686491e+00
1.095014846069698455e+00
1.102672292545710198e+00
1.110329739021722162e+00
1.117987185497733904e+00
1.125644631973745868e+00
1.133302078449757833e+00
1.140959524925769575e+00
1.148616971401781539e+00
1.156274417877793281e+00
1.163931864353805246e+00
1.171589310829817210e+00
1.179246757305828952e+00
1.186904203781840916e+00
1.194561650257852659e+00
1.202219096733864623e+00
1.209876543209876587e+00
1.217533989685888329e+00
1.225191436161900294e+00
1.232848882637912036e+00
1.240506329113924000e+00
1.248163775589935964e+00
1.255821222065947707e+00
1.263478668541959671e+00
1.271136115017971635e+00
1.278793561493983377e+00
1.286451007969995342e+00
1.294108454446007084e+00
1.301765900922019048e+00
1.309423347398031012e+00
1.317080793874042755e+00
1.324738240350054719e+00
1.332395686826066461e+00
1.340053133302078425e+00
1.347710579778090390e+00
1.355368026254102132e+00
1.363025472730114096e+00
1.370682919206125838e+00
1.378340365682137802e+00
1.385997812158149767e+00
1.393655258634161509e+00
1.401312705110173473e+00
1.408970151586185215e+00
1.416627598062197180e+00
1.424285044538209144e+00
1.431942491014220886e+00
1.439599937490232850e+00
1.447257383966244593e+00
1.454914830442256557e+00
1.462572276918268521e+00
1.470229723394280263e+00
1.477887169870292228e+00
1.485544616346303970e+00
1.493202062822315934e+00
1.500859509298327898e+00
1.508516955774339641e+00
1.516174402250351605e+00
1.523831848726363347e+00
1.531489295202375311e+00
1.539146741678387276e+00
1.546804188154399018e+00
1.554461634630410982e+00
1.562119081106422946e+00
1.569776527582434689e+00
1.577433974058446653e+00
1.585091420534458395e+00
1.592748867010470359e+00
1.600406313486482324e+00
1.608063759962494066e+00
1.615721206438506030e+00
1.623378652914517772e+00
1.631036099390529737e+00
1.638693545866541701e+00
1.646350992342553443e+00
1.654008438818565407e+00
1.661665885294577150e+00
1.669323331770589114e+00
1.676980778246601078e+00
1.684638224722612820e+00
1.692295671198624785e+00
1.699953117674636527e+00
1.707610564150648491e+00
1.715268010626660455e+00
1.722925457102672198e+00
1.730582903578684162e+00
1.738240350054695904e+00
1.745897796530707868e+00
1.753555243006719833e+00
1.761212689482731575e+00
1.768870135958743539e+00
1.776527582434755281e+00
1.784185028910767246e+00
1.791842475386779210e+00
1.799499921862790952e+00
1.807157368338802916e+00
1.814814814814814659e+00
1.822472261290826623e+00
1.830129707766838587e+00
1.837787154242850329e+00
1.845444600718862294e+00
1.853102047194874258e+00
1.860759493670886000e+00
1.868416940146897964e+00
1.876074386622909707e+00
1.883731833098921671e+00
1.891389279574933635e+00
1.899046726050945377e+00
1.906704172526957342e+00
1.914361619002969084e+00
1.922019065478981048e+00
1.929676511954993012e+00
1.937333958431004755e+00
1.944991404907016719e+00
1.952648851383028461e+00
1.960306297859040425e+00
1.967963744335052390e+00
1.975621190811064132e+00
1.983278637287076096e+00
1.990936083763087838e+00
1.998593530239099803e+00
2.006250976715111545e+00
2.013908423191123731e+00
2.021565869667135473e+00
2.029223316143147215e+00
2.036880762619159402e+00
2.044538209095171144e+00
2.052195655571182886e+00
2.059853102047194628e+00
2.067510548523206815e+00
2.075167994999218557e+00
2.082825441475230299e+00
2.090482887951242486e+00
2.098140334427254228e+00
2.105797780903265970e+00
2.113455227379278156e+00
2.121112673855289898e+00
2.128770120331301641e+00
2.136427566807313383e+00
2.144085013283325569e+00
2.151742459759337311e+00
2.159399906235349054e+00
2.167057352711361240e+00
2.174714799187372982e+00
2.182372245663384724e+00
2.190029692139396911e+00
2.197687138615408653e+00
2.205344585091420395e+00
2.213002031567432137e+00
2.220659478043444324e+00
2.228316924519456066e+00
2.235974370995467808e+00
2.243631817471479994e+00
2.251289263947491737e+00
2.258946710423503479e+00
2.266604156899515665e+00
2.274261603375527407e+00
2.281919049851539150e+00
2.289576496327551336e+00
2.297233942803563078e+00
2.304891389279574820e+00
2.312548835755586563e+00
2.320206282231598749e+00
2.327863728707610491e+00
2.335521175183622233e+00
2.343178621659634420e+00
2.350836068135646162e+00
2.358493514611657904e+00
2.366150961087670090e+00
2.373808407563681833e+00
2.381465854039693575e+00
2.389123300515705317e+00
2.396780746991717503e+00
2.404438193467729246e+00
2.412095639943740988e+00
2.419753086419753174e+00
2.427410532895764916e+00
2.435067979371776659e+00
2.442725425847788845e+00
2.450382872323800587e+00
2.458040318799812329e+00
2.465697765275824072e+00
2.473355211751836258e+00
2.481012658227848000e+00
2.488670104703859742e+00
2.496327551179871929e+00
2.503984997655883671e+00
2.511642444131895413e+00
2.519299890607907599e+00
2.526957337083919342e+00
2.534614783559931084e+00
2.542272230035943270e+00
2.549929676511955012e+00
2.557587122987966755e+00
2.565244569463978497e+00
2.572902015939990683e+00
2.580559462416002425e+00
2.588216908892014168e+00
2.595874355368026354e+00
2.603531801844038096e+00
2.611189248320049838e+00
2.618846694796062025e+00
2.626504141272073767e+00
2.634161587748085509e+00
2.641819034224097251e+00
2.649476480700109438e+00
2.657133927176121180e+00
2.664791373652132922e+00
2.672448820128145108e+00
2.680106266604156851e+00
2.687763713080168593e+00
2.695421159556180779e+00
2.703078606032192521e+00
2.710736052508204263e+00
2.718393498984216006e+00
2.726050945460228192e+00
2.733708391936239934e+00
2.741365838412251676e+00
2.749023284888263863e+00
2.756680731364275605e+00
2.764338177840287347e+00
2.771995624316299534e+00
2.779653070792311276e+00
2.787310517268323018e+00
2.794967963744334760e+00
2.802625410220346946e+00
2.810282856696358689e+00
2.817940303172370431e+00
2.825597749648382617e+00
2.833255196124394359e+00
2.840912642600406102e+00
2.848570089076418288e+00
2.856227535552430030e+00
2.863884982028441772e+00
2.871542428504453959e+00
2.879199874980465701e+00
2.886857321456477443e+00
2.894514767932489185e+00
2.902172214408501372e+00
2.909829660884513114e+00
2.917487107360524856e+00
2.925144553836537042e+00
2.932802000312548785e+00
2.940459446788560527e+00
2.948116893264572713e+00
2.955774339740584455e+00
2.963431786216596198e+00
2.971089232692607940e+00
2.978746679168620126e+00
2.986404125644631868e+00
2.994061572120643611e+00
3.001719018596655797e+00
3.009376465072667539e+00
3.017033911548679281e+00
3.024691358024691468e+00
3.032348804500703210e+00
3.040006250976714952e+00
3.047663697452726694e+00
3.055321143928738881e+00
3.062978590404750623e+00
3.070636036880762365e+00
3.078293483356774551e+00
3.085950929832786294e+00
3.093608376308798036e+00
3.101265822784810222e+00
3.108923269260821964e+00
3.116580715736833707e+00
3.124238162212845893e+00
3.131895608688857635e+00
3.139553055164869377e+00
3.147210501640881120e+00
3.154867948116893306e+00
3.162525394592905048e+00
3.170182841068916790e+00
3.177840287544928977e+00
3.185497734020940719e+00
3.193155180496952461e+00
3.200812626972964647e+00
3.208470073448976390e+00
3.216127519924988132e+00
3.223784966400999874e+00
3.231442412877012060e+00
3.239099859353023803e+00
3.246757305829035545e+00
3.254414752305047731e+00
3.262072198781059473e+00
3.269729645257071216e+00
3.277387091733083402e+00
3.285044538209095144e+00
3.292701984685106886e+00
3.300359431161118628e+00
3.308016877637130815e+00
3.315674324113142557e+00
3.323331770589154299e+00
3.330989217065166486e+00
3.338646663541178228e+00
3.346304110017189970e+00
3.353961556493202156e+00
3.361619002969213899e+00
3.369276449445225641e+00
3.376933895921237827e+00
3.384591342397249569e+00
3.392248788873261311e+00
3.399906235349273054e+00
3.407563681825285240e+00
3.415221128301296982e+00
3.422878574777308724e+00
3.430536021253320911e+00
3.438193467729332653e+00
3.445850914205344395e+00
3.453508360681356582e+00
3.461165807157368324e+00
3.468823253633380066e+00
3.476480700109391808e+00
3.484138146585403994e+00
3.491795593061415737e+00
3.499453039537427479e+00
3.507110486013439665e+00
3.514767932489451407e+00
3.522425378965463150e+00
3.530082825441475336e+00
3.537740271917487078e+00
3.545397718393498820e+00
3.553055164869510563e+00
3.560712611345522749e+00
3.568370057821534491e+00
3.576027504297546233e+00
3.583684950773558420e+00
3.591342397249570162e+00
3.598999843725581904e+00
3.606657290201594090e+00
3.614314736677605833e+00
3.621972183153617575e+00
3.629629629629629317e+00
3.637287076105641503e+00
3.644944522581653246e+00
3.652601969057664988e+00
3.660259415533677174e+00
3.667916862009688916e+00
3.675574308485700659e+00
3.683231754961712845e+00
3.690889201437724587e+00
3.698546647913736329e+00
3.706204094389748516e+00
3.713861540865760258e+00
3.721518987341772000e+00
3.729176433817783742e+00
3.736833880293795929e+00
3.744491326769807671e+00
3.752148773245819413e+00
3.759806219721831599e+00
3.767463666197843342e+00
3.775121112673855084e+00
3.782778559149867270e+00
3.790436005625879012e+00
3.798093452101890755e+00
3.805750898577902497e+00
3.813408345053914683e+00
3.821065791529926425e+00
3.828723238005938168e+00
3.836380684481950354e+00
3.844038130957962096e+00
3.851695577433973838e+00
3.859353023909986025e+00
3.867010470385997767e+00
3.874667916862009509e+00
3.882325363338021251e+00
3.889982809814033438e+00
3.897640256290045180e+00
3.905297702766056922e+00
3.912955149242069108e+00
3.920612595718080851e+00
3.928270042194092593e+00
3.935927488670104779e+00
3.943584935146116521e+00
3.951242381622128264e+00
3.958899828098140450e+00
3.966557274574152192e+00
3.974214721050163934e+00
3.981872167526175676e+00
3.989529614002187863e+00
3.997187060478199605e+00
4.004844506954211347e+00
4.012501953430223089e+00
4.020159399906234832e+00
4.027816846382247462e+00
4.035474292858259204e+00
4.043131739334270947e+00
4.050789185810282689e+00
4.058446632286294431e+00
4.066104078762306173e+00
4.073761525238318804e+00
4.081418971714330546e+00
4.089076418190342288e+00
4.096733864666354030e+00
4.104391311142365772e+00
4.112048757618377515e+00
4.119706204094389257e+00
4.127363650570401887e+00
4.135021097046413630e+00
4.142678543522425372e+00
4.150335989998437114e+00
4.157993436474448856e+00
4.165650882950460598e+00
4.173308329426472341e+00
4.180965775902484971e+00
4.188623222378496713e+00
4.196280668854508455e+00
4.203938115330520198e+00
4.211595561806531940e+00
4.219253008282543682e+00
4.226910454758556313e+00
4.234567901234568055e+00
4.242225347710579797e+00
4.249882794186591539e+00
4.257540240662603281e+00
4.265197687138615024e+00
4.272855133614626766e+00
4.280512580090639396e+00
4.288170026566651138e+00
4.295827473042662881e+00
4.303484919518674623e+00
4.311142365994686365e+00
4.318799812470698107e+00
4.326457258946710738e+00
4.334114705422722480e+00
4.341772151898734222e+00
4.349429598374745964e+00
4.357087044850757707e+00
4.364744491326769449e+00
4.372401937802781191e+00
4.380059384278793821e+00
4.387716830754805564e+00
4.395374277230817306e+00
4.403031723706829048e+00
4.410689170182840790e+00
4.418346616658852533e+00
4.426004063134864275e+00
4.433661509610876905e+00
4.441318956086888647e+00
4.448976402562900390e+00
4.456633849038912132e+00
4.464291295514923874e+00
4.471948741990935616e+00
4.479606188466948247e+00
4.487263634942959989e+00
4.494921081418971731e+00
4.502578527894983473e+00
4.510235974370995216e+00
4.517893420847006958e+00
4.525550867323018700e+00
4.533208313799031330e+00
4.540865760275043073e+00
4.548523206751054815e+00
4.556180653227066557e+00
4.563838099703078299e+00
4.571495546179090042e+00
4.579152992655102672e+00
4.586810439131114414e+00
4.594467885607126156e+00
4.602125332083137899e+00
4.609782778559149641e+00
4.617440225035161383e+00
4.625097671511173125e+00
4.632755117987185756e+00
4.640412564463197498e+00
4.648070010939209240e+00
4.655727457415220982e+00
4.663384903891232725e+00
4.671042350367244467e+00
4.678699796843256209e+00
4.686357243319268839e+00
4.694014689795280582e+00
4.701672136271292324e+00
4.709329582747304066e+00
4.716987029223315808e+00
4.724644475699327550e+00
4.732301922175340181e+00
4.739959368651351923e+00
4.747616815127363665e+00
4.755274261603375408e+00
4.762931708079387150e+00
4.770589154555398892e+00
4.778246601031410634e+00
4.785904047507423265e+00
4.793561493983435007e+00
4.801218940459446749e+00
4.808876386935458491e+00
4.816533833411470233e+00
4.824191279887481976e+00
4.831848726363494606e+00
4.839506172839506348e+00
4.847163619315518091e+00
4.854821065791529833e+00
4.862478512267541575e+00
4.870135958743553317e+00
4.877793405219565059e+00
4.885450851695577690e+00
4.893108298171589432e+00
4.900765744647601174e+00
4.908423191123612916e+00
4.916080637599624659e+00
4.923738084075636401e+00
4.931395530551648143e+00
4.939052977027660774e+00
4.946710423503672516e+00
4.954367869979684258e+00
4.962025316455696000e+00
4.969682762931707742e+00
4.977340209407719485e+00
4.984997655883732115e+00
4.992655102359743857e+00
5.000312548835755599e+00
5.007969995311767342e+00
5.015627441787779084e+00
5.023284888263790826e+00
5.030942334739802568e+00
5.038599781215815199e+00
5.046257227691826941e+00
5.053914674167838683e+00
5.061572120643850425e+00
5.069229567119862168e+00
5.076887013595873910e+00
5.084544460071886540e+00
5.092201906547898282e+00
5.099859353023910025e+00
5.107516799499921767e+00
5.115174245975933509e+00
5.122831692451945251e+00
5.130489138927956994e+00
5.138146585403969624e+00
5.145804031879981366e+00
5.153461478355993108e+00
5.161118924832004851e+00
5.168776371308016593e+00
5.176433817784028335e+00
5.184091264260040077e+00
5.191748710736052708e+00
5.199406157212064450e+00
5.207063603688076192e+00
5.214721050164087934e+00
5.222378496640099677e+00
5.230035943116111419e+00
5.237693389592124049e+00
5.245350836068135791e+00
5.253008282544147534e+00
5.260665729020159276e+00
5.268323175496171018e+00
5.275980621972182760e+00
5.283638068448194502e+00
5.291295514924207133e+00
5.298952961400218875e+00
5.306610407876230617e+00
5.314267854352242360e+00
5.321925300828254102e+00
5.329582747304265844e+00
5.337240193780278474e+00
5.344897640256290217e+00
5.352555086732301959e+00
5.360212533208313701e+00
5.367869979684325443e+00
5.375527426160337185e+00
5.383184872636348928e+00
5.390842319112361558e+00
5.398499765588373300e+00
5.406157212064385043e+00
5.413814658540396785e+00
5.421472105016408527e+00
5.429129551492420269e+00
5.436786997968432011e+00
5.444444444444444642e+00
5.452101890920456384e+00
5.459759337396468126e+00
5.467416783872479868e+00
5.475074230348491611e+00
5.482731676824503353e+00
5.490389123300515983e+00
5.498046569776527726e+00
5.505704016252539468e+00
5.513361462728551210e+00
5.521018909204562952e+00
5.528676355680574694e+00
5.536333802156586437e+00
5.543991248632599067e+00
5.551648695108610809e+00
5.559306141584622551e+00
5.566963588060634294e+00
5.574621034536646036e+00
5.582278481012657778e+00
5.589935927488669520e+00
5.597593373964682151e+00
5.605250820440693893e+00
5.612908266916705635e+00
5.620565713392717377e+00
5.628223159868729120e+00
5.635880606344740862e+00
5.643538052820753492e+00
5.651195499296765234e+00
5.658852945772776977e+00
5.666510392248788719e+00
5.674167838724800461e+00
5.681825285200812203e+00
5.689482731676823946e+00
5.697140178152836576e+00
5.704797624628848318e+00
5.712455071104860060e+00
5.720112517580871803e+00
5.727769964056883545e+00
5.735427410532895287e+00
5.743084857008907917e+00
5.750742303484919660e+00
5.758399749960931402e+00
5.766057196436943144e+00
5.773714642912954886e+00
5.781372089388966629e+00
5.789029535864978371e+00
5.796686982340991001e+00
5.804344428817002743e+00
5.812001875293014486e+00
5.819659321769026228e+00
5.827316768245037970e+00
5.834974214721049712e+00
5.842631661197061455e+00
5.850289107673074085e+00
5.857946554149085827e+00
5.865604000625097569e+00
5.873261447101109312e+00
5.880918893577121054e+00
5.888576340053132796e+00
5.896233786529145426e+00
5.903891233005157169e+00
5.911548679481168911e+00
5.919206125957180653e+00
5.926863572433192395e+00
5.934521018909204138e+00
5.942178465385215880e+00
5.949835911861228510e+00
5.957493358337240252e+00
5.965150804813251995e+00
5.972808251289263737e+00
5.980465697765275479e+00
5.988123144241287221e+00
5.995780590717299852e+00
6.003438037193311594e+00
6.011095483669323336e+00
6.018752930145335078e+00
6.026410376621346821e+00
6.034067823097358563e+00
6.041725269573370305e+00
6.049382716049382935e+00
6.057040162525394678e+00
6.064697609001406420e+00
6.072355055477418162e+00
6.080012501953429904e+00
6.087669948429441646e+00
6.095327394905453389e+00
6.102984841381466019e+00
6.110642287857477761e+00
6.118299734333489504e+00
6.125957180809501246e+00
6.133614627285512988e+00
6.141272073761524730e+00
6.148929520237537361e+00
6.156586966713549103e+00
6.164244413189560845e+00
6.171901859665572587e+00
6.179559306141584329e+00
6.187216752617596072e+00
6.194874199093607814e+00
6.202531645569620444e+00
6.210189092045632187e+00
6.217846538521643929e+00
6.225503984997655671e+00
6.233161431473667413e+00
6.240818877949679155e+00
6.248476324425691786e+00
6.256133770901703528e+00
6.263791217377715270e+00
6.271448663853727012e+00
6.279106110329738755e+00
6.286763556805750497e+00
6.294421003281762239e+00
6.302078449757774870e+00
6.309735896233786612e+00
6.317393342709798354e+00
6.325050789185810096e+00
6.332708235661821838e+00
6.340365682137833581e+00
6.348023128613845323e+00
6.355680575089857953e+00
6.363338021565869695e+00
6.370995468041881438e+00
6.378652914517893180e+00
6.386310360993904922e+00
6.393967807469916664e+00
6.401625253945929295e+00
6.409282700421941037e+00
6.416940146897952779e+00
6.424597593373964521e+00
6.432255039849976264e+00
6.439912486325988006e+00
6.447569932801999748e+00
6.455227379278012378e+00
6.462884825754024121e+00
6.470542272230035863e+00
6.478199718706047605e+00
6.485857165182059347e+00
6.493514611658071090e+00
6.501172058134083720e+00
6.508829504610095462e+00
6.516486951086107204e+00
6.524144397562118947e+00
6.531801844038130689e+00
6.539459290514142431e+00
6.547116736990154173e+00
6.554774183466166804e+00
6.562431629942178546e+00
6.570089076418190288e+00
6.577746522894202030e+00
6.585403969370213773e+00
6.593061415846225515e+00
6.600718862322237257e+00
6.608376308798249887e+00
6.616033755274261630e+00
6.623691201750273372e+00
6.631348648226285114e+00
6.639006094702296856e+00
6.646663541178308598e+00
6.654320987654321229e+00
6.661978434130332971e+00
6.669635880606344713e+00
6.677293327082356456e+00
6.684950773558368198e+00
6.692608220034379940e+00
6.700265666510391682e+00
6.707923112986404313e+00
6.715580559462416055e+00
6.723238005938427797e+00
6.730895452414439539e+00
6.738552898890451281e+00
6.746210345366463024e+00
6.753867791842475654e+00
6.761525238318487396e+00
6.769182684794499139e+00
6.776840131270510881e+00
6.784497577746522623e+00
6.792155024222534365e+00
6.799812470698546107e+00
6.807469917174558738e+00
6.815127363650570480e+00
6.822784810126582222e+00
6.830442256602593964e+00
6.838099703078605707e+00
6.845757149554617449e+00
6.853414596030629191e+00
6.861072042506641822e+00
6.868729488982653564e+00
6.876386935458665306e+00
6.884044381934677048e+00
6.891701828410688790e+00
6.899359274886700533e+00
6.907016721362713163e+00
6.914674167838724905e+00
6.922331614314736647e+00
6.929989060790748390e+00
6.937646507266760132e+00
6.945303953742771874e+00
6.952961400218783616e+00
6.960618846694796247e+00
6.968276293170807989e+00
6.975933739646819731e+00
6.983591186122831473e+00
6.991248632598843216e+00
6.998906079074854958e+00
7.006563525550867588e+00
7.014220972026879330e+00
7.021878418502891073e+00
7.029535864978902815e+00
7.037193311454914557e+00
7.044850757930926299e+00
7.052508204406938042e+00
7.060165650882950672e+00
7.067823097358962414e+00
7.075480543834974156e+00
7.083137990310985899e+00
7.090795436786997641e+00
7.098452883263009383e+00
7.106110329739021125e+00
7.113767776215033756e+00
7.121425222691045498e+00
7.129082669167057240e+00
7.136740115643068982e+00
7.144397562119080725e+00
7.152055008595092467e+00
7.159712455071105097e+00
7.167369901547116839e+00
7.175027348023128582e+00
7.182684794499140324e+00
7.190342240975152066e+00
7.197999687451163808e+00
7.205657133927175551e+00
7.213314580403188181e+00
7.220972026879199923e+00
7.228629473355211665e+00
7.236286919831223408e+00
7.243944366307235150e+00
7.251601812783246892e+00
7.259259259259258634e+00
7.266916705735271265e+00
7.274574152211283007e+00
7.282231598687294749e+00
7.289889045163306491e+00
7.297546491639318234e+00
7.305203938115329976e+00
7.312861384591342606e+00
7.320518831067354348e+00
7.328176277543366091e+00
7.335833724019377833e+00
7.343491170495389575e+00
7.351148616971401317e+00
7.358806063447413059e+00
7.366463509923425690e+00
7.374120956399437432e+00
7.381778402875449174e+00
7.389435849351460917e+00
7.397093295827472659e+00
7.404750742303484401e+00
7.412408188779497031e+00
7.420065635255508774e+00
7.427723081731520516e+00
7.435380528207532258e+00
7.443037974683544000e+00
7.450695421159555742e+00
7.458352867635567485e+00
7.466010314111580115e+00
7.473667760587591857e+00
7.481325207063603600e+00
7.488982653539615342e+00
7.496640100015627084e+00
7.504297546491638826e+00
7.511954992967650568e+00
7.519612439443663199e+00
7.527269885919674941e+00
7.534927332395686683e+00
7.542584778871698425e+00
7.550242225347710168e+00
7.557899671823721910e+00
7.565557118299734540e+00
7.573214564775746283e+00
7.580872011251758025e+00
7.588529457727769767e+00
7.596186904203781509e+00
7.603844350679793251e+00
7.611501797155804994e+00
7.619159243631817624e+00
7.626816690107829366e+00
7.634474136583841108e+00
7.642131583059852851e+00
7.649789029535864593e+00
7.657446476011876335e+00
7.665103922487888966e+00
7.672761368963900708e+00
7.680418815439912450e+00
7.688076261915924192e+00
7.695733708391935934e+00
7.703391154867947677e+00
7.711048601343959419e+00
7.718706047819972049e+00
7.726363494295983791e+00
7.734020940771995534e+00
7.741678387248007276e+00
7.749335833724019018e+00
7.756993280200030760e+00
7.764650726676042503e+00
7.772308173152055133e+00
7.779965619628066875e+00
7.787623066104078617e+00
7.795280512580090360e+00
7.802937959056102102e+00
7.810595405532113844e+00
7.818252852008126474e+00
7.825910298484138217e+00
7.833567744960149959e+00
7.841225191436161701e+00
7.848882637912173443e+00
7.856540084388185186e+00
7.864197530864196928e+00
7.871854977340209558e+00
7.879512423816221300e+00
7.887169870292233043e+00
7.894827316768244785e+00
7.902484763244256527e+00
7.910142209720268269e+00
7.917799656196280900e+00
7.925457102672292642e+00
7.933114549148304384e+00
7.940771995624316126e+00
7.948429442100327869e+00
7.956086888576339611e+00
7.963744335052351353e+00
7.971401781528363983e+00
7.979059228004375726e+00
7.986716674480387468e+00
7.994374120956399210e+00
8.002031567432410952e+00
8.009689013908422694e+00
8.017346460384434437e+00
8.025003906860446179e+00
8.032661353336457921e+00
8.040318799812469663e+00
8.047976246288483182e+00
8.055633692764494924e+00
8.063291139240506666e+00
8.070948585716518409e+00
8.078606032192530151e+00
8.086263478668541893e+00
8.093920925144553635e+00
8.101578371620565377e+00
8.109235818096577120e+00
8.116893264572588862e+00
8.124550711048600604e+00
8.132208157524612346e+00
8.139865604000624089e+00
8.147523050476637607e+00
8.155180496952649349e+00
8.162837943428661092e+00
8.170495389904672834e+00
8.178152836380684576e+00
8.185810282856696318e+00
8.193467729332708060e+00
8.201125175808719803e+00
8.208782622284731545e+00
8.216440068760743287e+00
8.224097515236755029e+00
8.231754961712766772e+00
8.239412408188778514e+00
8.247069854664792032e+00
8.254727301140803775e+00
8.262384747616815517e+00
8.270042194092827259e+00
8.277699640568839001e+00
8.285357087044850743e+00
8.293014533520862486e+00
8.300671979996874228e+00
8.308329426472885970e+00
8.315986872948897712e+00
8.323644319424909455e+00
8.331301765900921197e+00
8.338959212376932939e+00
8.346616658852944681e+00
8.354274105328958200e+00
8.361931551804969942e+00
8.369588998280981684e+00
8.377246444756993426e+00
8.384903891233005169e+00
8.392561337709016911e+00
8.400218784185028653e+00
8.407876230661040395e+00
8.415533677137052138e+00
8.423191123613063880e+00
8.430848570089075622e+00
8.438506016565087364e+00
8.446163463041099106e+00
8.453820909517112625e+00
8.461478355993124367e+00
8.469135802469136109e+00
8.476793248945147852e+00
8.484450695421159594e+00
8.492108141897171336e+00
8.499765588373183078e+00
8.507423034849194821e+00
8.515080481325206563e+00
8.522737927801218305e+00
8.530395374277230047e+00
8.538052820753241789e+00
8.545710267229253532e+00
8.553367713705267050e+00
8.561025160181278792e+00
8.568682606657290535e+00
8.576340053133302277e+00
8.583997499609314019e+00
8.591654946085325761e+00
8.599312392561337504e+00
8.606969839037349246e+00
8.614627285513360988e+00
8.622284731989372730e+00
8.629942178465384472e+00
8.637599624941396215e+00
8.645257071417407957e+00
8.652914517893421475e+00
8.660571964369433218e+00
8.668229410845444960e+00
8.675886857321456702e+00
8.683544303797468444e+00
8.691201750273480187e+00
8.698859196749491929e+00
8.706516643225503671e+00
8.714174089701515413e+00
8.721831536177527155e+00
8.729488982653538898e+00
8.737146429129550640e+00
8.744803875605562382e+00
8.752461322081575901e+00
8.760118768557587643e+00
8.767776215033599385e+00
8.775433661509611127e+00
8.783091107985622870e+00
8.790748554461634612e+00
8.798406000937646354e+00
8.806063447413658096e+00
8.813720893889669838e+00
8.821378340365681581e+00
8.829035786841693323e+00
8.836693233317705065e+00
8.844350679793716807e+00
8.852008126269728550e+00
8.859665572745742068e+00
8.867323019221753810e+00
8.874980465697765553e+00
8.882637912173777295e+00
8.890295358649789037e+00
8.897952805125800779e+00
8.905610251601812521e+00
8.913267698077824264e+00
8.920925144553836006e+00
8.928582591029847748e+00
8.936240037505859490e+00
8.943897483981871233e+00
8.951554930457882975e+00
8.959212376933896493e+00
8.966869823409908236e+00
8.974527269885919978e+00
8.982184716361931720e+00
8.989842162837943462e+00
8.997499609313955204e+00
9.005157055789966947e+00
9.012814502265978689e+00
9.020471948741990431e+00
9.028129395218002173e+00
9.035786841694013916e+00
9.043444288170025658e+00
9.051101734646037400e+00
9.058759181122050919e+00
9.066416627598062661e+00
9.074074074074074403e+00
9.081731520550086145e+00
9.089388967026097887e+00
9.097046413502109630e+00
9.104703859978121372e+00
9.112361306454133114e+00
9.120018752930144856e+00
9.127676199406156599e+00
9.135333645882168341e+00
9.142991092358180083e+00
9.150648538834191825e+00
9.158305985310205344e+00
9.165963431786217086e+00
9.173620878262228828e+00
9.181278324738240570e+00
9.188935771214252313e+00
9.196593217690264055e+00
9.204250664166275797e+00
9.211908110642287539e+00
9.219565557118299282e+00
9.227223003594311024e+00
9.234880450070322766e+00
9.242537896546334508e+00
9.250195343022346250e+00
9.257852789498359769e+00
9.265510235974371511e+00
9.273167682450383253e+00
9.280825128926394996e+00
9.288482575402406738e+00
9.296140021878418480e+00
9.303797468354430222e+00
9.311454914830441965e+00
9.319112361306453707e+00
9.326769807782465449e+00
9.334427254258477191e+00
9.342084700734488933e+00
9.349742147210500676e+00
9.357399593686512418e+00
9.365057040162525936e+00
9.372714486638537679e+00
9.380371933114549421e+00
9.388029379590561163e+00
9.395686826066572905e+00
9.403344272542584648e+00
9.411001719018596390e+00
9.418659165494608132e+00
9.426316611970619874e+00
9.433974058446631616e+00
9.441631504922643359e+00
9.449288951398655101e+00
9.456946397874666843e+00
9.464603844350680362e+00
9.472261290826692104e+00
9.479918737302703846e+00
9.487576183778715588e+00
9.495233630254727331e+00
9.502891076730739073e+00
9.510548523206750815e+00
9.518205969682762557e+00
9.525863416158774299e+00
9.533520862634786042e+00
9.541178309110797784e+00
9.548835755586809526e+00
9.556493202062821268e+00
9.564150648538834787e+00
9.571808095014846529e+00
9.579465541490858271e+00
9.587122987966870014e+00
9.594780434442881756e+00
9.602437880918893498e+00
9.610095327394905240e+00
9.617752773870916982e+00
9.625410220346928725e+00
9.633067666822940467e+00
9.640725113298952209e+00
9.648382559774963951e+00
9.656040006250975694e+00
9.663697452726989212e+00
9.671354899203000954e+00
9.679012345679012697e+00
9.686669792155024439e+00
9.694327238631036181e+00
9.701984685107047923e+00
9.709642131583059665e+00
9.717299578059071408e+00
9.724957024535083150e+00
9.732614471011094892e+00
9.740271917487106634e+00
9.747929363963118377e+00
9.755586810439130119e+00
9.763244256915141861e+00
9.770901703391155380e+00
9.778559149867167122e+00
9.786216596343178864e+00
9.793874042819190606e+00
9.801531489295202348e+00
9.809188935771214091e+00
9.816846382247225833e+00
9.824503828723237575e+00
9.832161275199249317e+00
9.839818721675261060e+00
9.847476168151272802e+00
9.855133614627284544e+00
9.862791061103296286e+00
9.870448507579309805e+00
9.878105954055321547e+00
9.885763400531333289e+00
9.893420847007345031e+00
9.901078293483356774e+00
9.908735739959368516e+00
9.916393186435380258e+00
9.924050632911392000e+00
9.931708079387403743e+00
9.939365525863415485e+00
9.947022972339427227e+00
9.954680418815438969e+00
9.962337865291450711e+00
9.969995311767464230e+00
9.977652758243475972e+00
9.985310204719487714e+00
9.992967651195499457e+00
1.000062509767151120e+01
1.000828254414752294e+01
1.001593999062353468e+01
1.002359743709954643e+01
1.003125488357555817e+01
1.003891233005156991e+01
1.004656977652758165e+01
1.005422722300359339e+01
1.006188466947960514e+01
1.006954211595561866e+01
1.007719956243163040e+01
1.008485700890764214e+01
1.009251445538365388e+01
1.010017190185966562e+01
1.010782934833567737e+01
1.011548679481168911e+01
1.012314424128770085e+01
1.013080168776371259e+01
1.013845913423972434e+01
1.014611658071573608e+01
1.015377402719174782e+01
1.016143147366775956e+01
1.016908892014377308e+01
1.017674636661978482e+01
1.018440381309579656e+01
1.019206125957180831e+01
1.019971870604782005e+01
1.020737615252383179e+01
1.021503359899984353e+01
1.022269104547585528e+01
1.023034849195186702e+01
1.023800593842787876e+01
1.024566338490389050e+01
1.025332083137990224e+01
1.026097827785591399e+01
1.026863572433192573e+01
1.027629317080793925e+01
1.028395061728395099e+01
1.029160806375996273e+01
1.029926551023597447e+01
1.030692295671198622e+01
1.031458040318799796e+01
1.032223784966400970e+01
1.032989529614002144e+01
1.033755274261603319e+01
1.034521018909204493e+01
1.035286763556805667e+01
1.036052508204406841e+01
1.036818252852008015e+01
1.037583997499609367e+01
1.038349742147210542e+01
1.039115486794811716e+01
1.039881231442412890e+01
1.040646976090014064e+01
1.041412720737615238e+01
1.042178465385216413e+01
1.042944210032817587e+01
1.043709954680418761e+01
1.044475699328019935e+01
1.045241443975621110e+01
1.046007188623222284e+01
1.046772933270823458e+01
1.047538677918424810e+01
1.048304422566025984e+01
1.049070167213627158e+01
1.049835911861228332e+01
1.050601656508829507e+01
1.051367401156430681e+01
1.052133145804031855e+01
1.052898890451633029e+01
1.053664635099234204e+01
1.054430379746835378e+01
1.055196124394436552e+01
1.055961869042037726e+01
1.056727613689638900e+01
1.057493358337240252e+01
1.058259102984841427e+01
1.059024847632442601e+01
1.059790592280043775e+01
1.060556336927644949e+01
1.061322081575246123e+01
1.062087826222847298e+01
1.062853570870448472e+01
1.063619315518049646e+01
1.064385060165650820e+01
1.065150804813251995e+01
1.065916549460853169e+01
1.066682294108454343e+01
1.067448038756055695e+01
1.068213783403656869e+01
1.068979528051258043e+01
1.069745272698859218e+01
1.070511017346460392e+01
1.071276761994061566e+01
1.072042506641662740e+01
1.072808251289263914e+01
1.073573995936865089e+01
1.074339740584466263e+01
1.075105485232067437e+01
1.075871229879668611e+01
1.076636974527269786e+01
1.077402719174870960e+01
1.078168463822472312e+01
1.078934208470073486e+01
1.079699953117674660e+01
1.080465697765275834e+01
1.081231442412877009e+01
1.081997187060478183e+01
1.082762931708079357e+01
1.083528676355680531e+01
1.084294421003281705e+01
1.085060165650882880e+01
1.085825910298484054e+01
1.086591654946085228e+01
1.087357399593686402e+01
1.088123144241287754e+01
1.088888888888888928e+01
1.089654633536490103e+01
1.090420378184091277e+01
1.091186122831692451e+01
1.091951867479293625e+01
1.092717612126894799e+01
1.093483356774495974e+01
1.094249101422097148e+01
1.095014846069698322e+01
1.095780590717299496e+01
1.096546335364900671e+01
1.097312080012501845e+01
1.098077824660103197e+01
1.098843569307704371e+01
1.099609313955305545e+01
1.100375058602906719e+01
1.101140803250507894e+01
1.101906547898109068e+01
1.102672292545710242e+01
1.103438037193311416e+01
1.104203781840912590e+01
1.104969526488513765e+01
1.105735271136114939e+01
1.106501015783716113e+01
1.107266760431317287e+01
1.108032505078918639e+01
1.108798249726519813e+01
1.109563994374120988e+01
1.110329739021722162e+01
1.111095483669323336e+01
1.111861228316924510e+01
1.112626972964525685e+01
1.113392717612126859e+01
1.114158462259728033e+01
1.114924206907329207e+01
1.115689951554930381e+01
1.116455696202531556e+01
1.117221440850132730e+01
1.117987185497733904e+01
1.118752930145335256e+01
1.119518674792936430e+01
1.120284419440537604e+01
1.121050164088138779e+01
1.121815908735739953e+01
1.122581653383341127e+01
1.123347398030942301e+01
1.124113142678543475e+01
1.124878887326144650e+01
1.125644631973745824e+01
1.126410376621346998e+01
1.127176121268948172e+01
1.127941865916549347e+01
1.128707610564150698e+01
1.129473355211751873e+01
1.130239099859353047e+01
1.131004844506954221e+01
1.131770589154555395e+01
1.132536333802156570e+01
1.133302078449757744e+01
1.134067823097358918e+01
1.134833567744960092e+01
1.135599312392561266e+01
1.136365057040162441e+01
1.137130801687763615e+01
1.137896546335364789e+01
1.138662290982966141e+01
1.139428035630567315e+01
1.140193780278168489e+01
1.140959524925769664e+01
1.141725269573370838e+01
1.142491014220972012e+01
1.143256758868573186e+01
1.144022503516174361e+01
1.144788248163775535e+01
1.145553992811376709e+01
1.146319737458977883e+01
1.147085482106579057e+01
1.147851226754180232e+01
1.148616971401781583e+01
1.149382716049382758e+01
1.150148460696983932e+01
1.150914205344585106e+01
1.151679949992186280e+01
1.152445694639787455e+01
1.153211439287388629e+01
1.153977183934989803e+01
1.154742928582590977e+01
1.155508673230192151e+01
1.156274417877793326e+01
1.157040162525394500e+01
1.157805907172995674e+01
1.158571651820597026e+01
1.159337396468198200e+01
1.160103141115799374e+01
1.160868885763400549e+01
1.161634630411001723e+01
1.162400375058602897e+01
1.163166119706204071e+01
1.163931864353805246e+01
1.164697609001406420e+01
1.165463353649007594e+01
1.166229098296608768e+01
1.166994842944209942e+01
1.167760587591811117e+01
1.168526332239412291e+01
1.169292076887013643e+01
1.170057821534614817e+01
1.170823566182215991e+01
1.171589310829817165e+01
1.172355055477418340e+01
1.173120800125019514e+01
1.173886544772620688e+01
1.174652289420221862e+01
1.175418034067823037e+01
1.176183778715424211e+01
1.176949523363025385e+01
1.177715268010626559e+01
1.178481012658227733e+01
1.179246757305829085e+01
1.180012501953430260e+01
1.180778246601031434e+01
1.181543991248632608e+01
1.182309735896233782e+01
1.183075480543834956e+01
1.183841225191436131e+01
1.184606969839037305e+01
1.185372714486638479e+01
1.186138459134239653e+01
1.186904203781840828e+01
1.187669948429442002e+01
1.188435693077043176e+01
1.189201437724644528e+01
1.189967182372245702e+01
1.190732927019846876e+01
1.191498671667448050e+01
1.192264416315049225e+01
1.193030160962650399e+01
1.193795905610251573e+01
1.194561650257852747e+01
1.195327394905453922e+01
1.196093139553055096e+01
1.196858884200656270e+01
1.197624628848257444e+01
1.198390373495858618e+01
1.199156118143459970e+01
1.199921862791061145e+01
1.200687607438662319e+01
1.201453352086263493e+01
1.202219096733864667e+01
1.202984841381465841e+01
1.203750586029067016e+01
1.204516330676668190e+01
1.205282075324269364e+01
1.206047819971870538e+01
1.206813564619471713e+01
1.207579309267072887e+01
1.208345053914674061e+01
1.209110798562275413e+01
1.209876543209876587e+01
1.210642287857477761e+01
1.211408032505078936e+01
1.212173777152680110e+01
1.212939521800281284e+01
1.213705266447882458e+01
1.214471011095483632e+01
1.215236755743084807e+01
1.216002500390685981e+01
1.216768245038287155e+01
1.217533989685888329e+01
1.218299734333489504e+01
1.219065478981090678e+01
1.219831223628692030e+01
1.220596968276293204e+01
1.221362712923894378e+01
1.222128457571495552e+01
1.222894202219096726e+01
1.223659946866697901e+01
1.224425691514299075e+01
1.225191436161900249e+01
1.225957180809501423e+01
1.226722925457102598e+01
1.227488670104703772e+01
1.228254414752304946e+01
1.229020159399906120e+01
1.229785904047507472e+01
1.230551648695108646e+01
1.231317393342709821e+01
1.232083137990310995e+01
1.232848882637912169e+01
1.233614627285513343e+01
1.234380371933114517e+01
1.235146116580715692e+01
1.235911861228316866e+01
1.236677605875918040e+01
1.237443350523519214e+01
1.238209095171120389e+01
1.238974839818721563e+01
1.239740584466322915e+01
1.240506329113924089e+01
1.241272073761525263e+01
1.242037818409126437e+01
1.242803563056727612e+01
1.243569307704328786e+01
1.244335052351929960e+01
1.245100796999531134e+01
1.245866541647132308e+01
1.246632286294733483e+01
1.247398030942334657e+01
1.248163775589935831e+01
1.248929520237537005e+01
1.249695264885138357e+01
1.250461009532739531e+01
1.251226754180340706e+01
1.251992498827941880e+01
1.252758243475543054e+01
1.253523988123144228e+01
1.254289732770745402e+01
1.255055477418346577e+01
1.255821222065947751e+01
1.256586966713548925e+01
1.257352711361150099e+01
1.258118456008751274e+01
1.258884200656352448e+01
1.259649945303953622e+01
1.260415689951554974e+01
1.261181434599156148e+01
1.261947179246757322e+01
1.262712923894358497e+01
1.263478668541959671e+01
1.264244413189560845e+01
1.265010157837162019e+01
1.265775902484763193e+01
1.266541647132364368e+01
1.267307391779965542e+01
1.268073136427566716e+01
1.268838881075167890e+01
1.269604625722769065e+01
1.270370370370370416e+01
1.271136115017971591e+01
1.271901859665572765e+01
1.272667604313173939e+01
1.273433348960775113e+01
1.274199093608376288e+01
1.274964838255977462e+01
1.275730582903578636e+01
1.276496327551179810e+01
1.277262072198780984e+01
1.278027816846382159e+01
1.278793561493983333e+01
1.279559306141584507e+01
1.280325050789185859e+01
1.281090795436787033e+01
1.281856540084388207e+01
1.282622284731989382e+01
1.283388029379590556e+01
1.284153774027191730e+01
1.284919518674792904e+01
1.285685263322394079e+01
1.286451007969995253e+01
1.287216752617596427e+01
1.287982497265197601e+01
1.288748241912798775e+01
1.289513986560399950e+01
1.290279731208001301e+01
1.291045475855602476e+01
1.291811220503203650e+01
1.292576965150804824e+01
1.293342709798405998e+01
1.294108454446007173e+01
1.294874199093608347e+01
1.295639943741209521e+01
1.296405688388810695e+01
1.297171433036411869e+01
1.297937177684013044e+01
1.298702922331614218e+01
1.299468666979215392e+01
1.300234411626816744e+01
1.301000156274417918e+01
1.301765900922019092e+01
1.302531645569620267e+01
1.303297390217221441e+01
1.304063134864822615e+01
1.304828879512423789e+01
1.305594624160024964e+01
1.306360368807626138e+01
1.307126113455227312e+01
1.307891858102828486e+01
1.308657602750429660e+01
1.309423347398030835e+01
1.310189092045632009e+01
1.310954836693233361e+01
1.311720581340834535e+01
1.312486325988435709e+01
1.313252070636036883e+01
1.314017815283638058e+01
1.314783559931239232e+01
1.315549304578840406e+01
1.316315049226441580e+01
1.317080793874042755e+01
1.317846538521643929e+01
1.318612283169245103e+01
1.319378027816846277e+01
1.320143772464447451e+01
1.320909517112048803e+01
1.321675261759649977e+01
1.322441006407251152e+01
1.323206751054852326e+01
1.323972495702453500e+01
1.324738240350054674e+01
1.325503984997655849e+01
1.326269729645257023e+01
1.327035474292858197e+01
1.327801218940459371e+01
1.328566963588060545e+01
1.329332708235661720e+01
1.330098452883262894e+01
1.330864197530864246e+01
1.331629942178465420e+01
1.332395686826066594e+01
1.333161431473667768e+01
1.333927176121268943e+01
1.334692920768870117e+01
1.335458665416471291e+01
1.336224410064072465e+01
1.336990154711673640e+01
1.337755899359274814e+01
1.338521644006875988e+01
1.339287388654477162e+01
1.340053133302078336e+01
1.340818877949679688e+01
1.341584622597280863e+01
1.342350367244882037e+01
1.343116111892483211e+01
1.343881856540084385e+01
1.344647601187685559e+01
1.345413345835286734e+01
1.346179090482887908e+01
1.346944835130489082e+01
1.347710579778090256e+01
1.348476324425691431e+01
1.349242069073292605e+01
1.350007813720893779e+01
1.350773558368495131e+01
1.351539303016096305e+01
1.352305047663697479e+01
1.353070792311298653e+01
1.353836536958899828e+01
1.354602281606501002e+01
1.355368026254102176e+01
1.356133770901703350e+01
1.356899515549304525e+01
1.357665260196905699e+01
1.358431004844506873e+01
1.359196749492108047e+01
1.359962494139709221e+01
1.360728238787310396e+01
1.361493983434911748e+01
1.362259728082512922e+01
1.363025472730114096e+01
1.363791217377715270e+01
1.364556962025316444e+01
1.365322706672917619e+01
1.366088451320518793e+01
1.366854195968119967e+01
1.367619940615721141e+01
1.368385685263322316e+01
1.369151429910923490e+01
1.369917174558524664e+01
1.370682919206125838e+01
1.371448663853727190e+01
1.372214408501328364e+01
1.372980153148929539e+01
1.373745897796530713e+01
1.374511642444131887e+01
1.375277387091733061e+01
1.376043131739334235e+01
1.376808876386935410e+01
1.377574621034536584e+01
1.378340365682137758e+01
1.379106110329738932e+01
1.379871854977340107e+01
1.380637599624941281e+01
1.381403344272542633e+01
1.382169088920143807e+01
1.382934833567744981e+01
1.383700578215346155e+01
1.384466322862947329e+01
1.385232067510548504e+01
1.385997812158149678e+01
1.386763556805750852e+01
1.387529301453352026e+01
1.388295046100953201e+01
1.389060790748554375e+01
1.389826535396155549e+01
1.390592280043756723e+01
1.391358024691358075e+01
1.392123769338959249e+01
1.392889513986560424e+01
1.393655258634161598e+01
1.394421003281762772e+01
1.395186747929363946e+01
1.395952492576965120e+01
1.396718237224566295e+01
1.397483981872167469e+01
1.398249726519768643e+01
1.399015471167369817e+01
1.399781215814970992e+01
1.400546960462572166e+01
1.401312705110173518e+01
1.402078449757774692e+01
1.402844194405375866e+01
1.403609939052977040e+01
1.404375683700578215e+01
1.405141428348179389e+01
1.405907172995780563e+01
1.406672917643381737e+01
1.407438662290982911e+01
1.408204406938584086e+01
1.408970151586185260e+01
1.409735896233786434e+01
1.410501640881387608e+01
1.411267385528988783e+01
1.412033130176590134e+01
1.412798874824191309e+01
1.413564619471792483e+01
1.414330364119393657e+01
1.415096108766994831e+01
1.415861853414596006e+01
1.416627598062197180e+01
1.417393342709798354e+01
1.418159087357399528e+01
1.418924832005000702e+01
1.419690576652601877e+01
1.420456321300203051e+01
1.421222065947804225e+01
1.421987810595405577e+01
1.422753555243006751e+01
1.423519299890607925e+01
1.424285044538209100e+01
1.425050789185810274e+01
1.425816533833411448e+01
1.426582278481012622e+01
1.427348023128613796e+01
1.428113767776214971e+01
1.428879512423816145e+01
1.429645257071417319e+01
1.430411001719018493e+01
1.431176746366619668e+01
1.431942491014221019e+01
1.432708235661822194e+01
1.433473980309423368e+01
1.434239724957024542e+01
1.435005469604625716e+01
1.435771214252226891e+01
1.436536958899828065e+01
1.437302703547429239e+01
1.438068448195030413e+01
1.438834192842631587e+01
1.439599937490232762e+01
1.440365682137833936e+01
1.441131426785435110e+01
1.441897171433036462e+01
1.442662916080637636e+01
1.443428660728238810e+01
1.444194405375839985e+01
1.444960150023441159e+01
1.445725894671042333e+01
1.446491639318643507e+01
1.447257383966244682e+01
1.448023128613845856e+01
1.448788873261447030e+01
1.449554617909048204e+01
1.450320362556649378e+01
1.451086107204250553e+01
1.451851851851851727e+01
1.452617596499453079e+01
1.453383341147054253e+01
1.454149085794655427e+01
1.454914830442256601e+01
1.455680575089857776e+01
1.456446319737458950e+01
1.457212064385060124e+01
1.457977809032661298e+01
1.458743553680262472e+01
1.459509298327863647e+01
1.460275042975464821e+01
1.461040787623065995e+01
1.461806532270667169e+01
1.462572276918268521e+01
1.463338021565869695e+01
1.464103766213470870e+01
1.464869510861072044e+01
1.465635255508673218e+01
1.466401000156274392e+01
1.467166744803875567e+01
1.467932489451476741e+01
1.468698234099077915e+01
1.469463978746679089e+01
1.470229723394280263e+01
1.470995468041881438e+01
1.471761212689482612e+01
1.472526957337083964e+01
1.473292701984685138e+01
1.474058446632286312e+01
1.474824191279887486e+01
1.475589935927488661e+01
1.476355680575089835e+01
1.477121425222691009e+01
1.477887169870292183e+01
1.478652914517893358e+01
1.479418659165494532e+01
1.480184403813095706e+01
1.480950148460696880e+01
1.481715893108298054e+01
1.482481637755899406e+01
1.483247382403500580e+01
1.484013127051101755e+01
1.484778871698702929e+01
1.485544616346304103e+01
1.486310360993905277e+01
1.487076105641506452e+01
1.487841850289107626e+01
1.488607594936708800e+01
1.489373339584309974e+01
1.490139084231911148e+01
1.490904828879512323e+01
1.491670573527113497e+01
1.492436318174714849e+01
1.493202062822316023e+01
1.493967807469917197e+01
1.494733552117518371e+01
1.495499296765119546e+01
1.496265041412720720e+01
1.497030786060321894e+01
1.497796530707923068e+01
1.498562275355524243e+01
1.499328020003125417e+01
1.500093764650726591e+01
1.500859509298327765e+01
1.501625253945928939e+01
1.502390998593530114e+01
1.503156743241131466e+01
1.503922487888732640e+01
1.504688232536333814e+01
1.505453977183934988e+01
1.506219721831536162e+01
1.506985466479137337e+01
1.507751211126738511e+01
1.508516955774339685e+01
1.509282700421940859e+01
1.510048445069542034e+01
1.510814189717143208e+01
1.511579934364744382e+01
1.512345679012345556e+01
1.513111423659946908e+01
1.513877168307548082e+01
1.514642912955149257e+01
1.515408657602750431e+01
1.516174402250351605e+01
1.516940146897952779e+01
1.517705891545553953e+01
1.518471636193155128e+01
1.519237380840756302e+01
1.520003125488357476e+01
1.520768870135958650e+01
1.521534614783559825e+01
1.522300359431160999e+01
1.523066104078762351e+01
1.523831848726363525e+01
1.524597593373964699e+01
1.525363338021565873e+01
1.526129082669167047e+01
1.526894827316768222e+01
1.527660571964369396e+01
1.528426316611970570e+01
1.529192061259571744e+01
1.529957805907172919e+01
1.530723550554774093e+01
1.531489295202375267e+01
1.532255039849976441e+01
1.533020784497577793e+01
1.533786529145178967e+01
1.534552273792780142e+01
1.535318018440381316e+01
1.536083763087982490e+01
1.536849507735583664e+01
1.537615252383184838e+01
1.538380997030786013e+01
1.539146741678387187e+01
1.539912486325988361e+01
1.540678230973589535e+01
1.541443975621190710e+01
1.542209720268791884e+01
1.542975464916393236e+01
1.543741209563994410e+01
1.544506954211595584e+01
1.545272698859196758e+01
1.546038443506797933e+01
1.546804188154399107e+01
1.547569932802000281e+01
1.548335677449601455e+01
1.549101422097202629e+01
1.549867166744803804e+01
1.550632911392404978e+01
1.551398656040006152e+01
1.552164400687607326e+01
1.552930145335208501e+01
1.553695889982809852e+01
1.554461634630411027e+01
1.555227379278012201e+01
1.555993123925613375e+01
1.556758868573214549e+01
1.557524613220815723e+01
1.558290357868416898e+01
1.559056102516018072e+01
1.559821847163619246e+01
1.560587591811220420e+01
1.561353336458821595e+01
1.562119081106422769e+01
1.562884825754023943e+01
1.563650570401625295e+01
1.564416315049226469e+01
1.565182059696827643e+01
1.565947804344428818e+01
1.566713548992029992e+01
1.567479293639631166e+01
1.568245038287232340e+01
1.569010782934833514e+01
1.569776527582434689e+01
1.570542272230035863e+01
1.571308016877637037e+01
1.572073761525238211e+01
1.572839506172839386e+01
1.573605250820440737e+01
1.574370995468041912e+01
1.575136740115643086e+01
1.575902484763244260e+01
1.576668229410845434e+01
1.577433974058446609e+01
1.578199718706047783e+01
1.578965463353648957e+01
1.579731208001250131e+01
1.580496952648851305e+01
1.581262697296452480e+01
1.582028441944053654e+01
1.582794186591654828e+01
1.583559931239256180e+01
1.584325675886857354e+01
1.585091420534458528e+01
1.585857165182059703e+01
1.586622909829660877e+01
1.587388654477262051e+01
1.588154399124863225e+01
1.588920143772464399e+01
1.589685888420065574e+01
1.590451633067666748e+01
1.591217377715267922e+01
1.591983122362869096e+01
1.592748867010470271e+01
1.593514611658071445e+01
1.594280356305672797e+01
1.595046100953273971e+01
1.595811845600875145e+01
1.596577590248476319e+01
1.597343334896077494e+01
1.598109079543678668e+01
1.598874824191279842e+01
1.599640568838881016e+01
1.600406313486482190e+01
1.601172058134083542e+01
1.601937802781684539e+01
1.602703547429285891e+01
1.603469292076886887e+01
1.604235036724488239e+01
1.605000781372089236e+01
1.605766526019690588e+01
1.606532270667291584e+01
1.607298015314892936e+01
1.608063759962493933e+01
1.608829504610095285e+01
1.609595249257696636e+01
1.610360993905297633e+01
1.611126738552898985e+01
1.611892483200499981e+01
1.612658227848101333e+01
1.613423972495702330e+01
1.614189717143303682e+01
1.614955461790904678e+01
1.615721206438506030e+01
1.616486951086107027e+01
1.617252695733708379e+01
1.618018440381309375e+01
1.618784185028910727e+01
1.619549929676512079e+01
1.620315674324113075e+01
1.621081418971714427e+01
1.621847163619315424e+01
1.622612908266916776e+01
1.623378652914517772e+01
1.624144397562119124e+01
1.624910142209720121e+01
1.625675886857321473e+01
1.626441631504922469e+01
1.627207376152523821e+01
1.627973120800124818e+01
1.628738865447726170e+01
1.629504610095327521e+01
1.630270354742928518e+01
1.631036099390529870e+01
1.631801844038130866e+01
1.632567588685732218e+01
1.633333333333333215e+01
1.634099077980934567e+01
1.634864822628535563e+01
1.635630567276136915e+01
1.636396311923737912e+01
1.637162056571339264e+01
1.637927801218940260e+01
1.638693545866541612e+01
1.639459290514142964e+01
1.640225035161743961e+01
1.640990779809345312e+01
1.641756524456946309e+01
1.642522269104547661e+01
1.643288013752148657e+01
1.644053758399750009e+01
1.644819503047351006e+01
1.645585247694952358e+01
1.646350992342553354e+01
1.647116736990154706e+01
1.647882481637755703e+01
1.648648226285357055e+01
1.649413970932958406e+01
1.650179715580559403e+01
1.650945460228160755e+01
1.651711204875761752e+01
1.652476949523363103e+01
1.653242694170964100e+01
1.654008438818565452e+01
1.654774183466166448e+01
1.655539928113767800e+01
1.656305672761368797e+01
1.657071417408970149e+01
1.657837162056571145e+01
1.658602906704172497e+01
1.659368651351773849e+01
1.660134395999374846e+01
1.660900140646976197e+01
1.661665885294577194e+01
1.662431629942178546e+01
1.663197374589779542e+01
1.663963119237380894e+01
1.664728863884981891e+01
1.665494608532583243e+01
1.666260353180184239e+01
1.667026097827785591e+01
1.667791842475386588e+01
1.668557587122987940e+01
1.669323331770588936e+01
1.670089076418190288e+01
1.670854821065791640e+01
1.671620565713392637e+01
1.672386310360993988e+01
1.673152055008594985e+01
1.673917799656196337e+01
1.674683544303797333e+01
1.675449288951398685e+01
1.676215033598999682e+01
1.676980778246601034e+01
1.677746522894202030e+01
1.678512267541803382e+01
1.679278012189404379e+01
1.680043756837005731e+01
1.680809501484607082e+01
1.681575246132208079e+01
1.682340990779809431e+01
1.683106735427410428e+01
1.683872480075011779e+01
1.684638224722612776e+01
1.685403969370214128e+01
1.686169714017815124e+01
1.686935458665416476e+01
1.687701203313017473e+01
1.688466947960618825e+01
1.689232692608219821e+01
1.689998437255821173e+01
1.690764181903422525e+01
1.691529926551023522e+01
1.692295671198624873e+01
1.693061415846225870e+01
1.693827160493827222e+01
1.694592905141428218e+01
1.695358649789029570e+01
1.696124394436630567e+01
1.696890139084231919e+01
1.697655883731832915e+01
1.698421628379434267e+01
1.699187373027035264e+01
1.699953117674636616e+01
1.700718862322237968e+01
1.701484606969838964e+01
1.702250351617440316e+01
1.703016096265041313e+01
1.703781840912642664e+01
1.704547585560243661e+01
1.705313330207845013e+01
1.706079074855446009e+01
1.706844819503047361e+01
1.707610564150648358e+01
1.708376308798249710e+01
1.709142053445850706e+01
1.709907798093452058e+01
1.710673542741053410e+01
1.711439287388654407e+01
1.712205032036255758e+01
1.712970776683856755e+01
1.713736521331458107e+01
1.714502265979059104e+01
1.715268010626660455e+01
1.716033755274261452e+01
1.716799499921862804e+01
1.717565244569463800e+01
1.718330989217065152e+01
1.719096733864666149e+01
1.719862478512267501e+01
1.720628223159868853e+01
1.721393967807469849e+01
1.722159712455071201e+01
1.722925457102672198e+01
1.723691201750273549e+01
1.724456946397874546e+01
1.725222691045475898e+01
1.725988435693076894e+01
1.726754180340678246e+01
1.727519924988279243e+01
1.728285669635880595e+01
1.729051414283481591e+01
1.729817158931082943e+01
1.730582903578684295e+01
1.731348648226285292e+01
1.732114392873886644e+01
1.732880137521487640e+01
1.733645882169088992e+01
1.734411626816689989e+01
1.735177371464291340e+01
1.735943116111892337e+01
1.736708860759493689e+01
1.737474605407094685e+01
1.738240350054696037e+01
1.739006094702297034e+01
1.739771839349898386e+01
1.740537583997499738e+01
1.741303328645100734e+01
1.742069073292702086e+01
1.742834817940303083e+01
1.743600562587904435e+01
1.744366307235505431e+01
1.745132051883106783e+01
1.745897796530707780e+01
1.746663541178309131e+01
1.747429285825910128e+01
1.748195030473511480e+01
1.748960775121112476e+01
1.749726519768713828e+01
1.750492264416315180e+01
1.751258009063916177e+01
1.752023753711517529e+01
1.752789498359118525e+01
1.753555243006719877e+01
1.754320987654320874e+01
1.755086732301922225e+01
1.755852476949523222e+01
1.756618221597124574e+01
1.757383966244725571e+01
1.758149710892326922e+01
1.758915455539927919e+01
1.759681200187529271e+01
1.760446944835130267e+01
1.761212689482731619e+01
1.761978434130332971e+01
1.762744178777933968e+01
1.763509923425535320e+01
1.764275668073136316e+01
1.765041412720737668e+01
1.765807157368338665e+01
1.766572902015940016e+01
1.767338646663541013e+01
1.768104391311142365e+01
1.768870135958743361e+01
1.769635880606344713e+01
1.770401625253945710e+01
1.771167369901547062e+01
1.771933114549148414e+01
1.772698859196749410e+01
1.773464603844350762e+01
1.774230348491951759e+01
1.774996093139553111e+01
1.775761837787154107e+01
1.776527582434755459e+01
1.777293327082356456e+01
1.778059071729957807e+01
1.778824816377558804e+01
1.779590561025160156e+01
1.780356305672761152e+01
1.781122050320362504e+01
1.781887794967963856e+01
1.782653539615564853e+01
1.783419284263166205e+01
1.784185028910767201e+01
1.784950773558368553e+01
1.785716518205969550e+01
1.786482262853570901e+01
1.787248007501171898e+01
1.788013752148773250e+01
1.788779496796374247e+01
1.789545241443975598e+01
1.790310986091576595e+01
1.791076730739177947e+01
1.791842475386779299e+01
1.792608220034380295e+01
1.793373964681981647e+01
1.794139709329582644e+01
1.794905453977183996e+01
1.795671198624784992e+01
1.796436943272386344e+01
1.797202687919987341e+01
1.797968432567588692e+01
1.798734177215189689e+01
1.799499921862791041e+01
1.800265666510392037e+01
1.801031411157993389e+01
1.801797155805594741e+01
1.802562900453195738e+01
1.803328645100797090e+01
1.804094389748398086e+01
1.804860134395999438e+01
1.805625879043600435e+01
1.806391623691201787e+01
1.807157368338802783e+01
1.807923112986404135e+01
1.808688857634005132e+01
1.809454602281606483e+01
1.810220346929207480e+01
1.810986091576808832e+01
1.811751836224410184e+01
1.812517580872011180e+01
1.813283325519612532e+01
1.814049070167213529e+01
1.814814814814814881e+01
1.815580559462415877e+01
1.816346304110017229e+01
1.817112048757618226e+01
1.817877793405219577e+01
1.818643538052820574e+01
1.819409282700421926e+01
1.820175027348022923e+01
1.820940771995624274e+01
1.821706516643225626e+01
1.822472261290826623e+01
1.823238005938427975e+01
1.824003750586028971e+01
1.824769495233630323e+01
1.825535239881231320e+01
1.826300984528832672e+01
1.827066729176433668e+01
1.827832473824035020e+01
1.828598218471636017e+01
1.829363963119237368e+01
1.830129707766838365e+01
1.830895452414439717e+01
1.831661197062041069e+01
1.832426941709642065e+01
1.833192686357243417e+01
1.833958431004844414e+01
1.834724175652445766e+01
1.835489920300046762e+01
1.836255664947648114e+01
1.837021409595249111e+01
1.837787154242850463e+01
1.838552898890451459e+01
1.839318643538052811e+01
1.840084388185653808e+01
1.840850132833255159e+01
1.841615877480856511e+01
1.842381622128457508e+01
1.843147366776058860e+01
1.843913111423659856e+01
1.844678856071261208e+01
1.845444600718862205e+01
1.846210345366463557e+01
1.846976090014064553e+01
1.847741834661665905e+01
1.848507579309266902e+01
1.849273323956868254e+01
1.850039068604469250e+01
1.850804813252070602e+01
1.851570557899671954e+01
1.852336302547272950e+01
1.853102047194874302e+01
1.853867791842475299e+01
1.854633536490076651e+01
1.855399281137677647e+01
1.856165025785278999e+01
1.856930770432879996e+01
1.857696515080481348e+01
1.858462259728082344e+01
1.859228004375683696e+01
1.859993749023284693e+01
1.860759493670886044e+01
1.861525238318487041e+01
1.862290982966088393e+01
1.863056727613689745e+01
1.863822472261290741e+01
1.864588216908892093e+01
1.865353961556493090e+01
1.866119706204094442e+01
1.866885450851695438e+01
1.867651195499296790e+01
1.868416940146897787e+01
1.869182684794499139e+01
1.869948429442100135e+01
1.870714174089701487e+01
1.871479918737302484e+01
1.872245663384903835e+01
1.873011408032505187e+01
1.873777152680106184e+01
1.874542897327707536e+01
1.875308641975308532e+01
1.876074386622909884e+01
1.876840131270510881e+01
1.877605875918112233e+01
1.878371620565713229e+01
1.879137365213314581e+01
1.879903109860915578e+01
1.880668854508516930e+01
1.881434599156117926e+01
1.882200343803719278e+01
1.882966088451320630e+01
1.883731833098921626e+01
1.884497577746522978e+01
1.885263322394123975e+01
1.886029067041725327e+01
1.886794811689326323e+01
1.887560556336927675e+01
1.888326300984528672e+01
1.889092045632130024e+01
1.889857790279731020e+01
1.890623534927332372e+01
1.891389279574933369e+01
1.892155024222534720e+01
1.892920768870136072e+01
1.893686513517737069e+01
1.894452258165338421e+01
1.895218002812939417e+01
1.895983747460540769e+01
1.896749492108141766e+01
1.897515236755743118e+01
1.898280981403344114e+01
1.899046726050945466e+01
1.899812470698546463e+01
1.900578215346147815e+01
1.901343959993748811e+01
1.902109704641350163e+01
1.902875449288951515e+01
1.903641193936552511e+01
1.904406938584153863e+01
1.905172683231754860e+01
1.905938427879356212e+01
1.906704172526957208e+01
1.907469917174558560e+01
1.908235661822159557e+01
1.909001406469760909e+01
1.909767151117361905e+01
1.910532895764963257e+01
1.911298640412564254e+01
1.912064385060165606e+01
1.912830129707766957e+01
1.913595874355367954e+01
1.914361619002969306e+01
1.915127363650570302e+01
1.915893108298171654e+01
1.916658852945772651e+01
1.917424597593374003e+01
1.918190342240974999e+01
1.918956086888576351e+01
1.919721831536177348e+01
1.920487576183778700e+01
1.921253320831379696e+01
1.922019065478981048e+01
1.922784810126582400e+01
1.923550554774183396e+01
1.924316299421784748e+01
1.925082044069385745e+01
1.925847788716987097e+01
1.926613533364588093e+01
1.927379278012189445e+01
1.928145022659790442e+01
1.928910767307391794e+01
1.929676511954992790e+01
1.930442256602594142e+01
1.931208001250195139e+01
1.931973745897796491e+01
1.932739490545397842e+01
1.933505235192998839e+01
1.934270979840600191e+01
1.935036724488201187e+01
1.935802469135802539e+01
1.936568213783403536e+01
1.937333958431004888e+01
1.938099703078605884e+01
1.938865447726207236e+01
1.939631192373808233e+01
1.940396937021409585e+01
1.941162681669010581e+01
1.941928426316611933e+01
1.942694170964213285e+01
1.943459915611814282e+01
1.944225660259415633e+01
1.944991404907016630e+01
1.945757149554617982e+01
1.946522894202218978e+01
1.947288638849820330e+01
1.948054383497421327e+01
1.948820128145022679e+01
1.949585872792623675e+01
1.950351617440225027e+01
1.951117362087826024e+01
1.951883106735427376e+01
1.952648851383028372e+01
1.953414596030629724e+01
1.954180340678231076e+01
1.954946085325832072e+01
1.955711829973433424e+01
1.956477574621034421e+01
1.957243319268635773e+01
1.958009063916236769e+01
1.958774808563838121e+01
1.959540553211439118e+01
1.960306297859040470e+01
1.961072042506641466e+01
1.961837787154242818e+01
1.962603531801843815e+01
1.963369276449445167e+01
1.964135021097046518e+01
1.964900765744647515e+01
1.965666510392248867e+01
1.966432255039849863e+01
1.967197999687451215e+01
1.967963744335052212e+01
1.968729488982653564e+01
1.969495233630254560e+01
1.970260978277855912e+01
1.971026722925456909e+01
1.971792467573058261e+01
1.972558212220659257e+01
1.973323956868260609e+01
1.974089701515861961e+01
1.974855446163462958e+01
1.975621190811064309e+01
1.976386935458665306e+01
1.977152680106266658e+01
1.977918424753867654e+01
1.978684169401469006e+01
1.979449914049070003e+01
1.980215658696671355e+01
1.980981403344272351e+01
1.981747147991873703e+01
1.982512892639474700e+01
1.983278637287076052e+01
1.984044381934677403e+01
1.984810126582278400e+01
1.985575871229879752e+01
1.986341615877480749e+01
1.987107360525082100e+01
1.987873105172683097e+01
1.988638849820284449e+01
1.989404594467885445e+01
1.990170339115486797e+01
1.990936083763087794e+01
1.991701828410689146e+01
1.992467573058290142e+01
1.993233317705891494e+01
1.993999062353492846e+01
1.994764807001093843e+01
1.995530551648695194e+01
1.996296296296296191e+01
1.997062040943897543e+01
1.997827785591498539e+01
1.998593530239099891e+01
1.999359274886700888e+01
2.000125019534302240e+01
2.000890764181903236e+01
2.001656508829504588e+01
2.002422253477105585e+01
2.003187998124706937e+01
2.003953742772308289e+01
2.004719487419909285e+01
2.005485232067510637e+01
2.006250976715111634e+01
2.007016721362712985e+01
2.007782466010313982e+01
2.008548210657915334e+01
2.009313955305516330e+01
2.010079699953117682e+01
2.010845444600718679e+01
2.011611189248320031e+01
2.012376933895921027e+01
2.013142678543522379e+01
2.013908423191123731e+01
2.014674167838724728e+01
2.015439912486326079e+01
2.016205657133927076e+01
2.016971401781528428e+01
2.017737146429129425e+01
2.018502891076730776e+01
2.019268635724331773e+01
2.020034380371933125e+01
2.020800125019534121e+01
2.021565869667135473e+01
2.022331614314736470e+01
2.023097358962337822e+01
2.023863103609939174e+01
2.024628848257540170e+01
2.025394592905141522e+01
2.026160337552742519e+01
2.026926082200343870e+01
2.027691826847944867e+01
2.028457571495546219e+01
2.029223316143147215e+01
2.029989060790748567e+01
2.030754805438349564e+01
2.031520550085950916e+01
2.032286294733551912e+01
2.033052039381153264e+01
2.033817784028754616e+01
2.034583528676355613e+01
2.035349273323956965e+01
2.036115017971557961e+01
2.036880762619159313e+01
2.037646507266760310e+01
2.038412251914361661e+01
2.039177996561962658e+01
2.039943741209564010e+01
2.040709485857165006e+01
2.041475230504766358e+01
2.042240975152367355e+01
2.043006719799968707e+01
2.043772464447569703e+01
2.044538209095171055e+01
2.045303953742772407e+01
2.046069698390373404e+01
2.046835443037974755e+01
2.047601187685575752e+01
2.048366932333177104e+01
2.049132676980778101e+01
2.049898421628379452e+01
2.050664166275980449e+01
2.051429910923581801e+01
2.052195655571182797e+01
2.052961400218784149e+01
2.053727144866385146e+01
2.054492889513986498e+01
2.055258634161587850e+01
2.056024378809188846e+01
2.056790123456790198e+01
2.057555868104391195e+01
2.058321612751992546e+01
2.059087357399593543e+01
2.059853102047194895e+01
2.060618846694795891e+01
2.061384591342397243e+01
2.062150335989998240e+01
2.062916080637599592e+01
2.063681825285200588e+01
2.064447569932801940e+01
2.065213314580403292e+01
2.065979059228004289e+01
2.066744803875605641e+01
2.067510548523206637e+01
2.068276293170807989e+01
2.069042037818408986e+01
2.069807782466010337e+01
2.070573527113611334e+01
2.071339271761212686e+01
2.072105016408813682e+01
2.072870761056415034e+01
2.073636505704016031e+01
2.074402250351617383e+01
2.075167994999218735e+01
2.075933739646819731e+01
2.076699484294421083e+01
2.077465228942022080e+01
2.078230973589623432e+01
2.078996718237224428e+01
2.079762462884825780e+01
2.080528207532426777e+01
2.081293952180028128e+01
2.082059696827629125e+01
2.082825441475230477e+01
2.083591186122831473e+01
2.084356930770432825e+01
2.085122675418034177e+01
2.085888420065635174e+01
2.086654164713236526e+01
2.087419909360837522e+01
2.088185654008438874e+01
2.088951398656039871e+01
2.089717143303641222e+01
2.090482887951242219e+01
2.091248632598843571e+01
2.092014377246444568e+01
2.092780121894045919e+01
2.093545866541646916e+01
2.094311611189248268e+01
2.095077355836849620e+01
2.095843100484450616e+01
2.096608845132051968e+01
2.097374589779652965e+01
2.098140334427254317e+01
2.098906079074855313e+01
2.099671823722456665e+01
2.100437568370057662e+01
2.101203313017659013e+01
2.101969057665260010e+01
2.102734802312861362e+01
2.103500546960462358e+01
2.104266291608063710e+01
2.105032036255665062e+01
2.105797780903266059e+01
2.106563525550867411e+01
2.107329270198468407e+01
2.108095014846069759e+01
2.108860759493670756e+01
2.109626504141272108e+01
2.110392248788873104e+01
2.111157993436474456e+01
2.111923738084075453e+01
2.112689482731676804e+01
2.113455227379277801e+01
2.114220972026879153e+01
2.114986716674480505e+01
2.115752461322081501e+01
2.116518205969682853e+01
2.117283950617283850e+01
2.118049695264885202e+01
2.118815439912486198e+01
2.119581184560087550e+01
2.120346929207688547e+01
2.121112673855289898e+01
2.121878418502890895e+01
2.122644163150492247e+01
2.123409907798093244e+01
2.124175652445694595e+01
2.124941397093295947e+01
2.125707141740896944e+01
2.126472886388498296e+01
2.127238631036099292e+01
2.128004375683700644e+01
2.128770120331301641e+01
2.129535864978902993e+01
2.130301609626503989e+01
2.131067354274105341e+01
2.131833098921706338e+01
2.132598843569307689e+01
2.133364588216908686e+01
2.134130332864510038e+01
2.134896077512111390e+01
2.135661822159712386e+01
2.136427566807313738e+01
2.137193311454914735e+01
2.137959056102516087e+01
2.138724800750117083e+01
2.139490545397718435e+01
2.140256290045319432e+01
2.141022034692920784e+01
2.141787779340521780e+01
2.142553523988123132e+01
2.143319268635724129e+01
2.144085013283325480e+01
2.144850757930926477e+01
2.145616502578527829e+01
2.146382247226129181e+01
2.147147991873730177e+01
2.147913736521331529e+01
2.148679481168932526e+01
2.149445225816533878e+01
2.150210970464134874e+01
2.150976715111736226e+01
2.151742459759337223e+01
2.152508204406938574e+01
2.153273949054539571e+01
2.154039693702140923e+01
2.154805438349741920e+01
2.155571182997343271e+01
2.156336927644944623e+01
2.157102672292545620e+01
2.157868416940146972e+01
2.158634161587747968e+01
2.159399906235349320e+01
2.160165650882950317e+01
2.160931395530551669e+01
2.161697140178152665e+01
2.162462884825754017e+01
2.163228629473355014e+01
2.163994374120956365e+01
2.164760118768557362e+01
2.165525863416158714e+01
2.166291608063760066e+01
2.167057352711361062e+01
2.167823097358962414e+01
2.168588842006563411e+01
2.169354586654164763e+01
2.170120331301765759e+01
2.170886075949367111e+01
2.171651820596968108e+01
2.172417565244569460e+01
2.173183309892170456e+01
2.173949054539771808e+01
2.174714799187372805e+01
2.175480543834974156e+01
2.176246288482575508e+01
2.177012033130176505e+01
2.177777777777777857e+01
2.178543522425378853e+01
2.179309267072980205e+01
2.180075011720581202e+01
2.180840756368182554e+01
2.181606501015783550e+01
2.182372245663384902e+01
2.183137990310985899e+01
2.183903734958587251e+01
2.184669479606188247e+01
2.185435224253789599e+01
2.186200968901390951e+01
2.186966713548991947e+01
2.187732458196593299e+01
2.188498202844194296e+01
2.189263947491795648e+01
2.190029692139396644e+01
2.190795436786997996e+01
2.191561181434598993e+01
2.192326926082200345e+01
2.193092670729801341e+01
2.193858415377402693e+01
2.194624160025003690e+01
2.195389904672605041e+01
2.196155649320206393e+01
2.196921393967807390e+01
2.197687138615408742e+01
2.198452883263009738e+01
2.199218627910611090e+01
2.199984372558212087e+01
2.200750117205813439e+01
2.201515861853414435e+01
2.202281606501015787e+01
2.203047351148616784e+01
2.203813095796218136e+01
2.204578840443819132e+01
2.205344585091420484e+01
2.206110329739021836e+01
2.206876074386622832e+01
2.207641819034224184e+01
2.208407563681825181e+01
2.209173308329426533e+01
2.209939052977027529e+01
2.210704797624628881e+01
2.211470542272229878e+01
2.212236286919831230e+01
2.213002031567432226e+01
2.213767776215033578e+01
2.214533520862634575e+01
2.215299265510235927e+01
2.216065010157837278e+01
2.216830754805438275e+01
2.217596499453039627e+01
2.218362244100640623e+01
2.219127988748241975e+01
2.219893733395842972e+01
2.220659478043444324e+01
2.221425222691045320e+01
2.222190967338646672e+01
2.222956711986247669e+01
2.223722456633849021e+01
2.224488201281450017e+01
2.225253945929051369e+01
2.226019690576652721e+01
2.226785435224253717e+01
2.227551179871855069e+01
2.228316924519456066e+01
2.229082669167057418e+01
2.229848413814658414e+01
2.230614158462259766e+01
2.231379903109860763e+01
2.232145647757462115e+01
2.232911392405063111e+01
2.233677137052664463e+01
2.234442881700265460e+01
2.235208626347866812e+01
2.235974370995467808e+01
2.236740115643069160e+01
2.237505860290670512e+01
2.238271604938271508e+01
2.239037349585872860e+01
2.239803094233473857e+01
2.240568838881075209e+01
2.241334583528676205e+01
2.242100328176277557e+01
2.242866072823878554e+01
2.243631817471479906e+01
2.244397562119080902e+01
2.245163306766682254e+01
2.245929051414283251e+01
2.246694796061884603e+01
2.247460540709485954e+01
2.248226285357086951e+01
2.248992030004688303e+01
2.249757774652289299e+01
2.250523519299890651e+01
2.251289263947491648e+01
2.252055008595093000e+01
2.252820753242693996e+01
2.253586497890295348e+01
2.254352242537896345e+01
2.255117987185497697e+01
2.255883731833098693e+01
2.256649476480700045e+01
2.257415221128301397e+01
2.258180965775902393e+01
2.258946710423503745e+01
2.259712455071104742e+01
2.260478199718706094e+01
2.261243944366307090e+01
2.262009689013908442e+01
2.262775433661509439e+01
2.263541178309110791e+01
2.264306922956711787e+01
2.265072667604313139e+01
2.265838412251914136e+01
2.266604156899515488e+01
2.267369901547116839e+01
2.268135646194717836e+01
2.268901390842319188e+01
2.269667135489920184e+01
2.270432880137521536e+01
2.271198624785122533e+01
2.271964369432723885e+01
2.272730114080324881e+01
2.273495858727926233e+01
2.274261603375527230e+01
2.275027348023128582e+01
2.275793092670729578e+01
2.276558837318330930e+01
2.277324581965932282e+01
2.278090326613533279e+01
2.278856071261134630e+01
2.279621815908735627e+01
2.280387560556336979e+01
2.281153305203937975e+01
2.281919049851539327e+01
2.282684794499140324e+01
2.283450539146741676e+01
2.284216283794342672e+01
2.284982028441944024e+01
2.285747773089545021e+01
2.286513517737146373e+01
2.287279262384747724e+01
2.288045007032348721e+01
2.288810751679950073e+01
2.289576496327551069e+01
2.290342240975152421e+01
2.291107985622753418e+01
2.291873730270354770e+01
2.292639474917955766e+01
2.293405219565557118e+01
2.294170964213158115e+01
2.294936708860759467e+01
2.295702453508360463e+01
2.296468198155961815e+01
2.297233942803563167e+01
2.297999687451164164e+01
2.298765432098765515e+01
2.299531176746366512e+01
2.300296921393967864e+01
2.301062666041568860e+01
2.301828410689170212e+01
2.302594155336771209e+01
2.303359899984372561e+01
2.304125644631973557e+01
2.304891389279574909e+01
2.305657133927175906e+01
2.306422878574777258e+01
2.307188623222378610e+01
2.307954367869979606e+01
2.308720112517580958e+01
2.309485857165181955e+01
2.310251601812783306e+01
2.311017346460384303e+01
2.311783091107985655e+01
2.312548835755586651e+01
2.313314580403188003e+01
2.314080325050789000e+01
2.314846069698390352e+01
2.315611814345991348e+01
2.316377558993592700e+01
2.317143303641194052e+01
2.317909048288795049e+01
2.318674792936396400e+01
2.319440537583997397e+01
2.320206282231598749e+01
2.320972026879199746e+01
2.321737771526801097e+01
2.322503516174402094e+01
2.323269260822003446e+01
2.324035005469604442e+01
2.324800750117205794e+01
2.325566494764806791e+01
2.326332239412408143e+01
2.327097984060009495e+01
2.327863728707610491e+01
2.328629473355211843e+01
2.329395218002812840e+01
2.330160962650414191e+01
2.330926707298015188e+01
2.331692451945616540e+01
2.332458196593217536e+01
2.333223941240818888e+01
2.333989685888419885e+01
2.334755430536021237e+01
2.335521175183622233e+01
2.336286919831223585e+01
2.337052664478824582e+01
2.337818409126425934e+01
2.338584153774027286e+01
2.339349898421628282e+01
2.340115643069229634e+01
2.340881387716830631e+01
2.341647132364431982e+01
2.342412877012032979e+01
2.343178621659634331e+01
2.343944366307235327e+01
2.344710110954836679e+01
2.345475855602437676e+01
2.346241600250039028e+01
2.347007344897640024e+01
2.347773089545241376e+01
2.348538834192842728e+01
2.349304578840443725e+01
2.350070323488045076e+01
2.350836068135646073e+01
2.351601812783247425e+01
2.352367557430848422e+01
2.353133302078449773e+01
2.353899046726050770e+01
2.354664791373652122e+01
2.355430536021253118e+01
2.356196280668854470e+01
2.356962025316455467e+01
2.357727769964056819e+01
2.358493514611658171e+01
2.359259259259259167e+01
2.360025003906860519e+01
2.360790748554461516e+01
2.361556493202062867e+01
2.362322237849663864e+01
2.363087982497265216e+01
2.363853727144866212e+01
2.364619471792467564e+01
2.365385216440068561e+01
2.366150961087669913e+01
2.366916705735270909e+01
2.367682450382872261e+01
2.368448195030473613e+01
2.369213939678074610e+01
2.369979684325675962e+01
2.370745428973276958e+01
2.371511173620878310e+01
2.372276918268479307e+01
2.373042662916080658e+01
2.373808407563681655e+01
2.374574152211283007e+01
2.375339896858884003e+01
2.376105641506485355e+01
2.376871386154086352e+01
2.377637130801687704e+01
2.378402875449289056e+01
2.379168620096890052e+01
2.379934364744491404e+01
2.380700109392092401e+01
2.381465854039693752e+01
2.382231598687294749e+01
2.382997343334896101e+01
2.383763087982497098e+01
2.384528832630098449e+01
2.385294577277699446e+01
2.386060321925300798e+01
2.386826066572901794e+01
2.387591811220503146e+01
2.388357555868104498e+01
2.389123300515705495e+01
2.389889045163306847e+01
2.390654789810907843e+01
2.391420534458509195e+01
2.392186279106110192e+01
2.392952023753711543e+01
2.393717768401312540e+01
2.394483513048913892e+01
2.395249257696514888e+01
2.396015002344116240e+01
2.396780746991717237e+01
2.397546491639318589e+01
2.398312236286919941e+01
2.399077980934520937e+01
2.399843725582122289e+01
2.400609470229723286e+01
2.401375214877324638e+01
2.402140959524925634e+01
2.402906704172526986e+01
2.403672448820127983e+01
2.404438193467729334e+01
2.405203938115330331e+01
2.405969682762931683e+01
2.406735427410532679e+01
2.407501172058134031e+01
2.408266916705735383e+01
2.409032661353336380e+01
2.409798406000937732e+01
2.410564150648538728e+01
2.411329895296140080e+01
2.412095639943741077e+01
2.412861384591342429e+01
2.413627129238943425e+01
2.414392873886544777e+01
2.415158618534145774e+01
2.415924363181747125e+01
2.416690107829348122e+01
2.417455852476949474e+01
2.418221597124550826e+01
2.418987341772151822e+01
2.419753086419753174e+01
2.420518831067354171e+01
2.421284575714955523e+01
2.422050320362556519e+01
2.422816065010157871e+01
2.423581809657758868e+01
2.424347554305360219e+01
2.425113298952961216e+01
2.425879043600562568e+01
2.426644788248163565e+01
2.427410532895764916e+01
2.428176277543365913e+01
2.428942022190967265e+01
2.429707766838568617e+01
2.430473511486169613e+01
2.431239256133770965e+01
2.432005000781371962e+01
2.432770745428973314e+01
2.433536490076574310e+01
2.434302234724175662e+01
2.435067979371776659e+01
2.435833724019378010e+01
2.436599468666979007e+01
2.437365213314580359e+01
2.438130957962181355e+01
2.438896702609782707e+01
2.439662447257384059e+01
2.440428191904985056e+01
2.441193936552586408e+01
2.441959681200187404e+01
2.442725425847788756e+01
2.443491170495389753e+01
2.444256915142991105e+01
2.445022659790592101e+01
2.445788404438193453e+01
2.446554149085794450e+01
2.447319893733395801e+01
2.448085638380996798e+01
2.448851383028598150e+01
2.449617127676199502e+01
2.450382872323800498e+01
2.451148616971401850e+01
2.451914361619002847e+01
2.452680106266604199e+01
2.453445850914205195e+01
2.454211595561806547e+01
2.454977340209407544e+01
2.455743084857008895e+01
2.456508829504609892e+01
2.457274574152211244e+01
2.458040318799812241e+01
2.458806063447413592e+01
2.459571808095014944e+01
2.460337552742615941e+01
2.461103297390217293e+01
2.461869042037818289e+01
2.462634786685419641e+01
2.463400531333020638e+01
2.464166275980621990e+01
2.464932020628222986e+01
2.465697765275824338e+01
2.466463509923425335e+01
2.467229254571026686e+01
2.467994999218627683e+01
2.468760743866229035e+01
2.469526488513830387e+01
2.470292233161431383e+01
2.471057977809032735e+01
2.471823722456633732e+01
2.472589467104235084e+01
2.473355211751836080e+01
2.474120956399437432e+01
2.474886701047038429e+01
2.475652445694639781e+01
2.476418190342240777e+01
2.477183934989842129e+01
2.477949679637443126e+01
2.478715424285044477e+01
2.479481168932645829e+01
2.480246913580246826e+01
2.481012658227848178e+01
2.481778402875449174e+01
2.482544147523050526e+01
2.483309892170651523e+01
2.484075636818252875e+01
2.484841381465853871e+01
2.485607126113455223e+01
2.486372870761056220e+01
2.487138615408657571e+01
2.487904360056258568e+01
2.488670104703859920e+01
2.489435849351461272e+01
2.490201593999062268e+01
2.490967338646663620e+01
2.491733083294264617e+01
2.492498827941865969e+01
2.493264572589466965e+01
2.494030317237068317e+01
2.494796061884669314e+01
2.495561806532270666e+01
2.496327551179871662e+01
2.497093295827473014e+01
2.497859040475074011e+01
2.498624785122675362e+01
2.499390529770276714e+01
2.500156274417877711e+01
2.500922019065479063e+01
2.501687763713080059e+01
2.502453508360681411e+01
2.503219253008282408e+01
2.503984997655883760e+01
2.504750742303484756e+01
2.505516486951086108e+01
2.506282231598687105e+01
2.507047976246288457e+01
2.507813720893889453e+01
2.508579465541490805e+01
2.509345210189092157e+01
2.510110954836693153e+01
2.510876699484294505e+01
2.511642444131895502e+01
2.512408188779496854e+01
2.513173933427097850e+01
2.513939678074699202e+01
2.514705422722300199e+01
2.515471167369901551e+01
2.516236912017502547e+01
2.517002656665103899e+01
2.517768401312704896e+01
2.518534145960306248e+01
2.519299890607907244e+01
2.520065635255508596e+01
2.520831379903109948e+01
2.521597124550710944e+01
2.522362869198312296e+01
2.523128613845913293e+01
2.523894358493514645e+01
2.524660103141115641e+01
2.525425847788716993e+01
2.526191592436317990e+01
2.526957337083919342e+01
2.527723081731520338e+01
2.528488826379121690e+01
2.529254571026722687e+01
2.530020315674324038e+01
2.530786060321925390e+01
2.531551804969526387e+01
2.532317549617127739e+01
2.533083294264728735e+01
2.533849038912330087e+01
2.534614783559931084e+01
2.535380528207532436e+01
2.536146272855133432e+01
2.536912017502734784e+01
2.537677762150335781e+01
2.538443506797937133e+01
2.539209251445538129e+01
2.539974996093139481e+01
2.540740740740740833e+01
2.541506485388341829e+01
2.542272230035943181e+01
2.543037974683544178e+01
2.543803719331145530e+01
2.544569463978746526e+01
2.545335208626347878e+01
2.546100953273948875e+01
2.546866697921550227e+01
2.547632442569151223e+01
2.548398187216752575e+01
2.549163931864353572e+01
2.549929676511954924e+01
2.550695421159556275e+01
2.551461165807157272e+01
2.552226910454758624e+01
2.552992655102359620e+01
2.553758399749960972e+01
2.554524144397561969e+01
2.555289889045163321e+01
2.556055633692764317e+01
2.556821378340365669e+01
2.557587122987966666e+01
2.558352867635568018e+01
2.559118612283169014e+01
2.559884356930770366e+01
2.560650101578371718e+01
2.561415846225972714e+01
2.562181590873574066e+01
2.562947335521175063e+01
2.563713080168776415e+01
2.564478824816377411e+01
2.565244569463978763e+01
2.566010314111579760e+01
2.566776058759181112e+01
2.567541803406782108e+01
2.568307548054383460e+01
2.569073292701984457e+01
2.569839037349585809e+01
2.570604781997187160e+01
2.571370526644788157e+01
2.572136271292389509e+01
2.572902015939990505e+01
2.573667760587591857e+01
2.574433505235192854e+01
2.575199249882794206e+01
2.575964994530395202e+01
2.576730739177996554e+01
2.577496483825597551e+01
2.578262228473198903e+01
2.579027973120799899e+01
2.579793717768401251e+01
2.580559462416002603e+01
2.581325207063603600e+01
2.582090951711204951e+01
2.582856696358805948e+01
2.583622441006407300e+01
2.584388185654008296e+01
2.585153930301609648e+01
2.585919674949210645e+01
2.586685419596811997e+01
2.587451164244412993e+01
2.588216908892014345e+01
2.588982653539615342e+01
2.589748398187216694e+01
2.590514142834818045e+01
2.591279887482419042e+01
2.592045632130020394e+01
2.592811376777621390e+01
2.593577121425222742e+01
2.594342866072823739e+01
2.595108610720425091e+01
2.595874355368026087e+01
2.596640100015627439e+01
2.597405844663228436e+01
2.598171589310829788e+01
2.598937333958430784e+01
2.599703078606032136e+01
2.600468823253633488e+01
2.601234567901234485e+01
2.602000312548835836e+01
2.602766057196436833e+01
2.603531801844038185e+01
2.604297546491639181e+01
2.605063291139240533e+01
2.605829035786841530e+01
2.606594780434442882e+01
2.607360525082043878e+01
2.608126269729645230e+01
2.608892014377246227e+01
2.609657759024847579e+01
2.610423503672448931e+01
2.611189248320049927e+01
2.611954992967651279e+01
2.612720737615252276e+01
2.613486482262853627e+01
2.614252226910454624e+01
2.615017971558055976e+01
2.615783716205656972e+01
2.616549460853258324e+01
2.617315205500859321e+01
2.618080950148460673e+01
2.618846694796061669e+01
2.619612439443663021e+01
2.620378184091264018e+01
2.621143928738865370e+01
2.621909673386466721e+01
2.622675418034067718e+01
2.623441162681669070e+01
2.624206907329270066e+01
2.624972651976871418e+01
2.625738396624472415e+01
2.626504141272073767e+01
2.627269885919674763e+01
2.628035630567276115e+01
2.628801375214877112e+01
2.629567119862478464e+01
2.630332864510079460e+01
2.631098609157680812e+01
2.631864353805282164e+01
2.632630098452883161e+01
2.633395843100484512e+01
2.634161587748085509e+01
2.634927332395686861e+01
2.635693077043287857e+01
2.636458821690889209e+01
2.637224566338490206e+01
2.637990310986091558e+01
2.638756055633692554e+01
2.639521800281293906e+01
2.640287544928894903e+01
2.641053289576496255e+01
2.641819034224097607e+01
2.642584778871698603e+01
2.643350523519299955e+01
2.644116268166900952e+01
2.644882012814502303e+01
2.645647757462103300e+01
2.646413502109704652e+01
2.647179246757305648e+01
2.647944991404907000e+01
2.648710736052507997e+01
2.649476480700109349e+01
2.650242225347710345e+01
2.651007969995311697e+01
2.651773714642913049e+01
2.652539459290514046e+01
2.653305203938115397e+01
2.654070948585716394e+01
2.654836693233317746e+01
2.655602437880918743e+01
2.656368182528520094e+01
2.657133927176121091e+01
2.657899671823722443e+01
2.658665416471323439e+01
2.659431161118924791e+01
2.660196905766525788e+01
2.660962650414127140e+01
2.661728395061728492e+01
2.662494139709329488e+01
2.663259884356930840e+01
2.664025629004531837e+01
2.664791373652133188e+01
2.665557118299734185e+01
2.666322862947335537e+01
2.667088607594936533e+01
2.667854352242537885e+01
2.668620096890138882e+01
2.669385841537740234e+01
2.670151586185341230e+01
2.670917330832942582e+01
2.671683075480543934e+01
2.672448820128144931e+01
2.673214564775746283e+01
2.673980309423347279e+01
2.674746054070948631e+01
2.675511798718549628e+01
2.676277543366150979e+01
2.677043288013751976e+01
2.677809032661353328e+01
2.678574777308954324e+01
2.679340521956555676e+01
2.680106266604156673e+01
2.680872011251758025e+01
2.681637755899359377e+01
2.682403500546960373e+01
2.683169245194561725e+01
2.683934989842162722e+01
2.684700734489764073e+01
2.685466479137365070e+01
2.686232223784966422e+01
2.686997968432567419e+01
2.687763713080168770e+01
2.688529457727769767e+01
2.689295202375371119e+01
2.690060947022972115e+01
2.690826691670573467e+01
2.691592436318174819e+01
2.692358180965775816e+01
2.693123925613377168e+01
2.693889670260978164e+01
2.694655414908579516e+01
2.695421159556180513e+01
2.696186904203781864e+01
2.696952648851382861e+01
2.697718393498984213e+01
2.698484138146585209e+01
2.699249882794186561e+01
2.700015627441787558e+01
2.700781372089388910e+01
2.701547116736990262e+01
2.702312861384591258e+01
2.703078606032192610e+01
2.703844350679793607e+01
2.704610095327394959e+01
2.705375839974995955e+01
2.706141584622597307e+01
2.706907329270198304e+01
2.707673073917799655e+01
2.708438818565400652e+01
2.709204563213002004e+01
2.709970307860603000e+01
2.710736052508204352e+01
2.711501797155805349e+01
2.712267541803406701e+01
2.713033286451008053e+01
2.713799031098609049e+01
2.714564775746210401e+01
2.715330520393811398e+01
2.716096265041412749e+01
2.716862009689013746e+01
2.717627754336615098e+01
2.718393498984216095e+01
2.719159243631817446e+01
2.719924988279418443e+01
2.720690732927019795e+01
2.721456477574620791e+01
2.722222222222222143e+01
2.722987966869823495e+01
2.723753711517424492e+01
2.724519456165025844e+01
2.725285200812626840e+01
2.726050945460228192e+01
2.726816690107829189e+01
2.727582434755430540e+01
2.728348179403031537e+01
2.729113924050632889e+01
2.729879668698233885e+01
2.730645413345835237e+01
2.731411157993436234e+01
2.732176902641037586e+01
2.732942647288638938e+01
2.733708391936239934e+01
2.734474136583841286e+01
2.735239881231442283e+01
2.736005625879043635e+01
2.736771370526644631e+01
2.737537115174245983e+01
2.738302859821846980e+01
2.739068604469448331e+01
2.739834349117049328e+01
2.740600093764650680e+01
2.741365838412251676e+01
2.742131583059853028e+01
2.742897327707454380e+01
2.743663072355055377e+01
2.744428817002656729e+01
2.745194561650257725e+01
2.745960306297859077e+01
2.746726050945460074e+01
2.747491795593061426e+01
2.748257540240662422e+01
2.749023284888263774e+01
2.749789029535864771e+01
2.750554774183466122e+01
2.751320518831067119e+01
2.752086263478668471e+01
2.752852008126269823e+01
2.753617752773870819e+01
2.754383497421472171e+01
2.755149242069073168e+01
2.755914986716674520e+01
2.756680731364275516e+01
2.757446476011876868e+01
2.758212220659477865e+01
2.758977965307079216e+01
2.759743709954680213e+01
2.760509454602281565e+01
2.761275199249882562e+01
2.762040943897483913e+01
2.762806688545085265e+01
2.763572433192686262e+01
2.764338177840287614e+01
2.765103922487888610e+01
2.765869667135489962e+01
2.766635411783090959e+01
2.767401156430692311e+01
2.768166901078293307e+01
2.768932645725894659e+01
2.769698390373495656e+01
2.770464135021097007e+01
2.771229879668698004e+01
2.771995624316299356e+01
2.772761368963900708e+01
2.773527113611501704e+01
2.774292858259103056e+01
2.775058602906704053e+01
2.775824347554305405e+01
2.776590092201906401e+01
2.777355836849507753e+01
2.778121581497108750e+01
2.778887326144710102e+01
2.779653070792311098e+01
2.780418815439912450e+01
2.781184560087513447e+01
2.781950304735114798e+01
2.782716049382716150e+01
2.783481794030317147e+01
2.784247538677918499e+01
2.785013283325519495e+01
2.785779027973120847e+01
2.786544772620721844e+01
2.787310517268323196e+01
2.788076261915924192e+01
2.788842006563525544e+01
2.789607751211126541e+01
2.790373495858727892e+01
2.791139240506328889e+01
2.791904985153930241e+01
2.792670729801531593e+01
2.793436474449132589e+01
2.794202219096733941e+01
2.794967963744334938e+01
2.795733708391936290e+01
2.796499453039537286e+01
2.797265197687138638e+01
2.798030942334739635e+01
2.798796686982340987e+01
2.799562431629941983e+01
2.800328176277543335e+01
2.801093920925144332e+01
2.801859665572745683e+01
2.802625410220347035e+01
2.803391154867948032e+01
2.804156899515549384e+01
2.804922644163150380e+01
2.805688388810751732e+01
2.806454133458352729e+01
2.807219878105954081e+01
2.807985622753555077e+01
2.808751367401156429e+01
2.809517112048757426e+01
2.810282856696358778e+01
2.811048601343959774e+01
2.811814345991561126e+01
2.812580090639162123e+01
2.813345835286763474e+01
2.814111579934364826e+01
2.814877324581965823e+01
2.815643069229567175e+01
2.816408813877168171e+01
2.817174558524769523e+01
2.817940303172370520e+01
2.818706047819971872e+01
2.819471792467572868e+01
2.820237537115174220e+01
2.821003281762775217e+01
2.821769026410376568e+01
2.822534771057977565e+01
2.823300515705578917e+01
2.824066260353180269e+01
2.824832005000781265e+01
2.825597749648382617e+01
2.826363494295983614e+01
2.827129238943584966e+01
2.827894983591185962e+01
2.828660728238787314e+01
2.829426472886388311e+01
2.830192217533989663e+01
2.830957962181590659e+01
2.831723706829192011e+01
2.832489451476793008e+01
2.833255196124394359e+01
2.834020940771995711e+01
2.834786685419596708e+01
2.835552430067198060e+01
2.836318174714799056e+01
2.837083919362400408e+01
2.837849664010001405e+01
2.838615408657602757e+01
2.839381153305203753e+01
2.840146897952805105e+01
2.840912642600406102e+01
2.841678387248007454e+01
2.842444131895608450e+01
2.843209876543209802e+01
2.843975621190811154e+01
2.844741365838412150e+01
2.845507110486013502e+01
2.846272855133614499e+01
2.847038599781215851e+01
2.847804344428816847e+01
2.848570089076418199e+01
2.849335833724019196e+01
2.850101578371620548e+01
2.850867323019221544e+01
2.851633067666822896e+01
2.852398812314423893e+01
2.853164556962025245e+01
2.853930301609626596e+01
2.854696046257227593e+01
2.855461790904828945e+01
2.856227535552429941e+01
2.856993280200031293e+01
2.857759024847632290e+01
2.858524769495233642e+01
2.859290514142834638e+01
2.860056258790435990e+01
2.860822003438036987e+01
2.861587748085638339e+01
2.862353492733239335e+01
2.863119237380840687e+01
2.863884982028442039e+01
2.864650726676043035e+01
2.865416471323644387e+01
2.866182215971245384e+01
2.866947960618846736e+01
2.867713705266447732e+01
2.868479449914049084e+01
2.869245194561650081e+01
2.870010939209251433e+01
2.870776683856852429e+01
2.871542428504453781e+01
2.872308173152054778e+01
2.873073917799656130e+01
2.873839662447257481e+01
2.874605407094858478e+01
2.875371151742459830e+01
2.876136896390060826e+01
2.876902641037662178e+01
2.877668385685263175e+01
2.878434130332864527e+01
2.879199874980465523e+01
2.879965619628066875e+01
2.880731364275667872e+01
2.881497108923269224e+01
2.882262853570870220e+01
2.883028598218471572e+01
2.883794342866072924e+01
2.884560087513673921e+01
2.885325832161275272e+01
2.886091576808876269e+01
2.886857321456477621e+01
2.887623066104078617e+01
2.888388810751679969e+01
2.889154555399280966e+01
2.889920300046882318e+01
2.890686044694483314e+01
2.891451789342084666e+01
2.892217533989685663e+01
2.892983278637287015e+01
2.893749023284888366e+01
2.894514767932489363e+01
2.895280512580090715e+01
2.896046257227691711e+01
2.896812001875293063e+01
2.897577746522894060e+01
2.898343491170495412e+01
2.899109235818096408e+01
2.899874980465697760e+01
2.900640725113298757e+01
2.901406469760900109e+01
2.902172214408501105e+01
2.902937959056102457e+01
2.903703703703703454e+01
2.904469448351304806e+01
2.905235192998906157e+01
2.906000937646507154e+01
2.906766682294108506e+01
2.907532426941709502e+01
2.908298171589310854e+01
2.909063916236911851e+01
2.909829660884513203e+01
2.910595405532114199e+01
2.911361150179715551e+01
2.912126894827316548e+01
2.912892639474917900e+01
2.913658384122518896e+01
2.914424128770120248e+01
2.915189873417721600e+01
2.915955618065322597e+01
2.916721362712923948e+01
2.917487107360524945e+01
2.918252852008126297e+01
2.919018596655727293e+01
2.919784341303328645e+01
2.920550085950929642e+01
2.921315830598530994e+01
2.922081575246131990e+01
2.922847319893733342e+01
2.923613064541334339e+01
2.924378809188935691e+01
2.925144553836537042e+01
2.925910298484138039e+01
2.926676043131739391e+01
2.927441787779340387e+01
2.928207532426941739e+01
2.928973277074542736e+01
2.929739021722144088e+01
2.930504766369745084e+01
2.931270511017346436e+01
2.932036255664947433e+01
2.932802000312548785e+01
2.933567744960149781e+01
2.934333489607751133e+01
2.935099234255352485e+01
2.935864978902953482e+01
2.936630723550554833e+01
2.937396468198155830e+01
2.938162212845757182e+01
2.938927957493358178e+01
2.939693702140959530e+01
2.940459446788560527e+01
2.941225191436161879e+01
2.941990936083762875e+01
2.942756680731364227e+01
2.943522425378965224e+01
2.944288170026566576e+01
2.945053914674167928e+01
2.945819659321768924e+01
2.946585403969370276e+01
2.947351148616971273e+01
2.948116893264572624e+01
2.948882637912173621e+01
2.949648382559774973e+01
2.950414127207375969e+01
2.951179871854977321e+01
2.951945616502578318e+01
2.952711361150179670e+01
2.953477105797780666e+01
2.954242850445382018e+01
2.955008595092983370e+01
2.955774339740584367e+01
2.956540084388185718e+01
2.957305829035786715e+01
2.958071573683388067e+01
2.958837318330989063e+01
2.959603062978590415e+01
2.960368807626191412e+01
2.961134552273792764e+01
2.961900296921393760e+01
2.962666041568995112e+01
2.963431786216596109e+01
2.964197530864197461e+01
2.964963275511798813e+01
2.965729020159399809e+01
2.966494764807001161e+01
2.967260509454602158e+01
2.968026254102203509e+01
2.968791998749804506e+01
2.969557743397405858e+01
2.970323488045006854e+01
2.971089232692608206e+01
2.971854977340209203e+01
2.972620721987810555e+01
2.973386466635411551e+01
2.974152211283012903e+01
2.974917955930614255e+01
2.975683700578215252e+01
2.976449445225816604e+01
2.977215189873417600e+01
2.977980934521018952e+01
2.978746679168619949e+01
2.979512423816221300e+01
2.980278168463822297e+01
2.981043913111423649e+01
2.981809657759024645e+01
2.982575402406625997e+01
2.983341147054226994e+01
2.984106891701828346e+01
2.984872636349429698e+01
2.985638380997030694e+01
2.986404125644632046e+01
2.987169870292233043e+01
2.987935614939834394e+01
2.988701359587435391e+01
2.989467104235036743e+01
2.990232848882637740e+01
2.990998593530239091e+01
2.991764338177840088e+01
2.992530082825441440e+01
2.993295827473042436e+01
2.994061572120643788e+01
2.994827316768244785e+01
2.995593061415846137e+01
2.996358806063447489e+01
2.997124550711048485e+01
2.997890295358649837e+01
2.998656040006250834e+01
2.999421784653852185e+01
3.000187529301453182e+01
3.000953273949054534e+01
3.001719018596655530e+01
3.002484763244256882e+01
3.003250507891857879e+01
3.004016252539459231e+01
3.004781997187060227e+01
3.005547741834661579e+01
3.006313486482262931e+01
3.007079231129863928e+01
3.007844975777465280e+01
3.008610720425066276e+01
3.009376465072667628e+01
3.010142209720268625e+01
3.010907954367869976e+01
3.011673699015470973e+01
3.012439443663072325e+01
3.013205188310673321e+01
3.013970932958274673e+01
3.014736677605875670e+01
3.015502422253477022e+01
3.016268166901078374e+01
3.017033911548679370e+01
3.017799656196280722e+01
3.018565400843881719e+01
3.019331145491483070e+01
3.020096890139084067e+01
3.020862634786685419e+01
3.021628379434286416e+01
3.022394124081887767e+01
3.023159868729488764e+01
3.023925613377090116e+01
3.024691358024691112e+01
3.025457102672292464e+01
3.026222847319893816e+01
3.026988591967494813e+01
3.027754336615096165e+01
3.028520081262697161e+01
3.029285825910298513e+01
3.030051570557899510e+01
3.030817315205500861e+01
3.031583059853101858e+01
3.032348804500703210e+01
3.033114549148304206e+01
3.033880293795905558e+01
3.034646038443506555e+01
3.035411783091107907e+01
3.036177527738709259e+01
3.036943272386310255e+01
3.037709017033911607e+01
3.038474761681512604e+01
3.039240506329113956e+01
3.040006250976714952e+01
3.040771995624316304e+01
3.041537740271917301e+01
3.042303484919518652e+01
3.043069229567119649e+01
3.043834974214721001e+01
3.044600718862321997e+01
3.045366463509923349e+01
3.046132208157524701e+01
3.046897952805125698e+01
3.047663697452727050e+01
3.048429442100328046e+01
3.049195186747929398e+01
3.049960931395530395e+01
3.050726676043131746e+01
3.051492420690732743e+01
3.052258165338334095e+01
3.053023909985935092e+01
3.053789654633536443e+01
3.054555399281137440e+01
3.055321143928738792e+01
3.056086888576340144e+01
3.056852633223941140e+01
3.057618377871542492e+01
3.058384122519143489e+01
3.059149867166744841e+01
3.059915611814345837e+01
3.060681356461947189e+01
3.061447101109548186e+01
3.062212845757149537e+01
3.062978590404750534e+01
3.063744335052351886e+01
3.064510079699952882e+01
3.065275824347554234e+01
3.066041568995155586e+01
3.066807313642756583e+01
3.067573058290357935e+01
3.068338802937958931e+01
3.069104547585560283e+01
3.069870292233161280e+01
3.070636036880762632e+01
3.071401781528363628e+01
3.072167526175964980e+01
3.072933270823565977e+01
3.073699015471167328e+01
3.074464760118768325e+01
3.075230504766369677e+01
3.075996249413971029e+01
3.076761994061572025e+01
3.077527738709173377e+01
3.078293483356774374e+01
3.079059228004375726e+01
3.079824972651976722e+01
3.080590717299578074e+01
3.081356461947179071e+01
3.082122206594780423e+01
3.082887951242381419e+01
3.083653695889982771e+01
3.084419440537583768e+01
3.085185185185185119e+01
3.085950929832786471e+01
3.086716674480387468e+01
3.087482419127988820e+01
3.088248163775589816e+01
3.089013908423191168e+01
3.089779653070792165e+01
3.090545397718393517e+01
3.091311142365994513e+01
3.092076887013595865e+01
3.092842631661196862e+01
3.093608376308798213e+01
3.094374120956399210e+01
3.095139865604000562e+01
3.095905610251601559e+01
3.096671354899202910e+01
3.097437099546804262e+01
3.098202844194405259e+01
3.098968588842006611e+01
3.099734333489607607e+01
3.100500078137208959e+01
3.101265822784809956e+01
3.102031567432411308e+01
3.102797312080012304e+01
3.103563056727613656e+01
3.104328801375214653e+01
3.105094546022816004e+01
3.105860290670417001e+01
3.106626035318018353e+01
3.107391779965619705e+01
3.108157524613220701e+01
3.108923269260822053e+01
3.109689013908423050e+01
3.110454758556024402e+01
3.111220503203625398e+01
3.111986247851226750e+01
3.112751992498827747e+01
3.113517737146429099e+01
3.114283481794030095e+01
3.115049226441631447e+01
3.115814971089232444e+01
3.116580715736833795e+01
3.117346460384435147e+01
3.118112205032036144e+01
3.118877949679637496e+01
3.119643694327238492e+01
3.120409438974839844e+01
3.121175183622440841e+01
3.121940928270042193e+01
3.122706672917643189e+01
3.123472417565244541e+01
3.124238162212845538e+01
3.125003906860446889e+01
3.125769651508047886e+01
3.126535396155649238e+01
3.127301140803250590e+01
3.128066885450851586e+01
3.128832630098452938e+01
3.129598374746053935e+01
3.130364119393655287e+01
3.131129864041256283e+01
3.131895608688857635e+01
3.132661353336458632e+01
3.133427097984059984e+01
3.134192842631660980e+01
3.134958587279262332e+01
3.135724331926863329e+01
3.136490076574464680e+01
3.137255821222066032e+01
3.138021565869667029e+01
3.138787310517268381e+01
3.139553055164869377e+01
3.140318799812470729e+01
3.141084544460071726e+01
3.141850289107673078e+01
3.142616033755274074e+01
3.143381778402875426e+01
3.144147523050476423e+01
3.144913267698077775e+01
3.145679012345678771e+01
3.146444756993280123e+01
3.147210501640881475e+01
3.147976246288482471e+01
3.148741990936083823e+01
3.149507735583684820e+01
3.150273480231286172e+01
3.151039224878887168e+01
3.151804969526488520e+01
3.152570714174089517e+01
3.153336458821690869e+01
3.154102203469291865e+01
3.154867948116893217e+01
3.155633692764494214e+01
3.156399437412095565e+01
3.157165182059696917e+01
3.157930926707297914e+01
3.158696671354899266e+01
3.159462416002500262e+01
3.160228160650101614e+01
3.160993905297702611e+01
3.161759649945303963e+01
3.162525394592904959e+01
3.163291139240506311e+01
3.164056883888107308e+01
3.164822628535708660e+01
3.165588373183309656e+01
3.166354117830911008e+01
3.167119862478512360e+01
3.167885607126113356e+01
3.168651351773714708e+01
3.169417096421315705e+01
3.170182841068917057e+01
3.170948585716518053e+01
3.171714330364119405e+01
3.172480075011720402e+01
3.173245819659321754e+01
3.174011564306922750e+01
3.174777308954524102e+01
3.175543053602125099e+01
3.176308798249726451e+01
3.177074542897327802e+01
3.177840287544928799e+01
3.178606032192530151e+01
3.179371776840131147e+01
3.180137521487732499e+01
3.180903266135333496e+01
3.181669010782934848e+01
3.182434755430535844e+01
3.183200500078137196e+01
3.183966244725738193e+01
3.184731989373339545e+01
3.185497734020940541e+01
3.186263478668541893e+01
3.187029223316142890e+01
3.187794967963744242e+01
3.188560712611345593e+01
3.189326457258946590e+01
3.190092201906547942e+01
3.190857946554148938e+01
3.191623691201750290e+01
3.192389435849351287e+01
3.193155180496952639e+01
3.193920925144553635e+01
3.194686669792154987e+01
3.195452414439755984e+01
3.196218159087357336e+01
3.196983903734958332e+01
3.197749648382559684e+01
3.198515393030161036e+01
3.199281137677762032e+01
3.200046882325363384e+01
3.200812626972964381e+01
3.201578371620565377e+01
3.202344116268167085e+01
3.203109860915768081e+01
3.203875605563369078e+01
3.204641350210970074e+01
3.205407094858571782e+01
3.206172839506172778e+01
3.206938584153773775e+01
3.207704328801375482e+01
3.208470073448976478e+01
3.209235818096577475e+01
3.210001562744178472e+01
3.210767307391780179e+01
3.211533052039381175e+01
3.212298796686982172e+01
3.213064541334583168e+01
3.213830285982184876e+01
3.214596030629785872e+01
3.215361775277386869e+01
3.216127519924987865e+01
3.216893264572589572e+01
3.217659009220190569e+01
3.218424753867791566e+01
3.219190498515393273e+01
3.219956243162994269e+01
3.220721987810595266e+01
3.221487732458196263e+01
3.222253477105797970e+01
3.223019221753398966e+01
3.223784966400999963e+01
3.224550711048600959e+01
3.225316455696202667e+01
3.226082200343803663e+01
3.226847944991404660e+01
3.227613689639006367e+01
3.228379434286607363e+01
3.229145178934208360e+01
3.229910923581809357e+01
3.230676668229411064e+01
3.231442412877012060e+01
3.232208157524613057e+01
3.232973902172214054e+01
3.233739646819815761e+01
3.234505391467416757e+01
3.235271136115017754e+01
3.236036880762618750e+01
3.236802625410220458e+01
3.237568370057821454e+01
3.238334114705422451e+01
3.239099859353024158e+01
3.239865604000625154e+01
3.240631348648226151e+01
3.241397093295827148e+01
3.242162837943428855e+01
3.242928582591029851e+01
3.243694327238630848e+01
3.244460071886231844e+01
3.245225816533833552e+01
3.245991561181434548e+01
3.246757305829035545e+01
3.247523050476636541e+01
3.248288795124238248e+01
3.249054539771839245e+01
3.249820284419440242e+01
3.250586029067041949e+01
3.251351773714642945e+01
3.252117518362243942e+01
3.252883263009844939e+01
3.253649007657446646e+01
3.254414752305047642e+01
3.255180496952648639e+01
3.255946241600249635e+01
3.256711986247851343e+01
3.257477730895452339e+01
3.258243475543053336e+01
3.259009220190655043e+01
3.259774964838256039e+01
3.260540709485857036e+01
3.261306454133458033e+01
3.262072198781059740e+01
3.262837943428660736e+01
3.263603688076261733e+01
3.264369432723862730e+01
3.265135177371464437e+01
3.265900922019065433e+01
3.266666666666666430e+01
3.267432411314267426e+01
3.268198155961869134e+01
3.268963900609470130e+01
3.269729645257071127e+01
3.270495389904672834e+01
3.271261134552273830e+01
3.272026879199874827e+01
3.272792623847475824e+01
3.273558368495077531e+01
3.274324113142678527e+01
3.275089857790279524e+01
3.275855602437880520e+01
3.276621347085482228e+01
3.277387091733083224e+01
3.278152836380684221e+01
3.278918581028285928e+01
3.279684325675886925e+01
3.280450070323487921e+01
3.281215814971088918e+01
3.281981559618690625e+01
3.282747304266291621e+01
3.283513048913892618e+01
3.284278793561493615e+01
3.285044538209095322e+01
3.285810282856696318e+01
3.286576027504297315e+01
3.287341772151898311e+01
3.288107516799500019e+01
3.288873261447101015e+01
3.289639006094702012e+01
3.290404750742303719e+01
3.291170495389904715e+01
3.291936240037505712e+01
3.292701984685106709e+01
3.293467729332708416e+01
3.294233473980309412e+01
3.294999218627910409e+01
3.295764963275511406e+01
3.296530707923113113e+01
3.297296452570714109e+01
3.298062197218315106e+01
3.298827941865916813e+01
3.299593686513517810e+01
3.300359431161118806e+01
3.301125175808719803e+01
3.301890920456321510e+01
3.302656665103922506e+01
3.303422409751523503e+01
3.304188154399124500e+01
3.304953899046726207e+01
3.305719643694327203e+01
3.306485388341928200e+01
3.307251132989529196e+01
3.308016877637130904e+01
3.308782622284731900e+01
3.309548366932332897e+01
3.310314111579934604e+01
3.311079856227535601e+01
3.311845600875136597e+01
3.312611345522737594e+01
3.313377090170339301e+01
3.314142834817940297e+01
3.314908579465541294e+01
3.315674324113142291e+01
3.316440068760743998e+01
3.317205813408344994e+01
3.317971558055945991e+01
3.318737302703547698e+01
3.319503047351148695e+01
3.320268791998749691e+01
3.321034536646350688e+01
3.321800281293952395e+01
3.322566025941553391e+01
3.323331770589154388e+01
3.324097515236755385e+01
3.324863259884357092e+01
3.325629004531958088e+01
3.326394749179559085e+01
3.327160493827160082e+01
3.327926238474761789e+01
3.328691983122362785e+01
3.329457727769963782e+01
3.330223472417565489e+01
3.330989217065166486e+01
3.331754961712767482e+01
3.332520706360368479e+01
3.333286451007970186e+01
3.334052195655571182e+01
3.334817940303172179e+01
3.335583684950773176e+01
3.336349429598374883e+01
3.337115174245975879e+01
3.337880918893576876e+01
3.338646663541177873e+01
3.339412408188779580e+01
3.340178152836380576e+01
3.340943897483981573e+01
3.341709642131583280e+01
3.342475386779184277e+01
3.343241131426785273e+01
3.344006876074386270e+01
3.344772620721987977e+01
3.345538365369588973e+01
3.346304110017189970e+01
3.347069854664790967e+01
3.347835599312392674e+01
3.348601343959993670e+01
3.349367088607594667e+01
3.350132833255196374e+01
3.350898577902797371e+01
3.351664322550398367e+01
3.352430067197999364e+01
3.353195811845601071e+01
3.353961556493202067e+01
3.354727301140803064e+01
3.355493045788404061e+01
3.356258790436005768e+01
3.357024535083606764e+01
3.357790279731207761e+01
3.358556024378808758e+01
3.359321769026410465e+01
3.360087513674011461e+01
3.360853258321612458e+01
3.361619002969214165e+01
3.362384747616815162e+01
3.363150492264416158e+01
3.363916236912017155e+01
3.364681981559618862e+01
3.365447726207219858e+01
3.366213470854820855e+01
3.366979215502421852e+01
3.367744960150023559e+01
3.368510704797624555e+01
3.369276449445225552e+01
3.370042194092827259e+01
3.370807938740428256e+01
3.371573683388029252e+01
3.372339428035630249e+01
3.373105172683231956e+01
3.373870917330832953e+01
3.374636661978433949e+01
3.375402406626034946e+01
3.376168151273636653e+01
3.376933895921237649e+01
3.377699640568838646e+01
3.378465385216439643e+01
3.379231129864041350e+01
3.379996874511642346e+01
3.380762619159243343e+01
3.381528363806845050e+01
3.382294108454446047e+01
3.383059853102047043e+01
3.383825597749648040e+01
3.384591342397249747e+01
3.385357087044850743e+01
3.386122831692451740e+01
3.386888576340052737e+01
3.387654320987654444e+01
3.388420065635255440e+01
3.389185810282856437e+01
3.389951554930458144e+01
3.390717299578059141e+01
3.391483044225660137e+01
3.392248788873261134e+01
3.393014533520862841e+01
3.393780278168463838e+01
3.394546022816064834e+01
3.395311767463665831e+01
3.396077512111267538e+01
3.396843256758868534e+01
3.397609001406469531e+01
3.398374746054070528e+01
3.399140490701672235e+01
3.399906235349273231e+01
3.400671979996874228e+01
3.401437724644475935e+01
3.402203469292076932e+01
3.402969213939677928e+01
3.403734958587278925e+01
3.404500703234880632e+01
3.405266447882481629e+01
3.406032192530082625e+01
3.406797937177683622e+01
3.407563681825285329e+01
3.408329426472886325e+01
3.409095171120487322e+01
3.409860915768089029e+01
3.410626660415690026e+01
3.411392405063291022e+01
3.412158149710892019e+01
3.412923894358493726e+01
3.413689639006094723e+01
3.414455383653695719e+01
3.415221128301296716e+01
3.415986872948898423e+01
3.416752617596499420e+01
3.417518362244100416e+01
3.418284106891701413e+01
3.419049851539303120e+01
3.419815596186904116e+01
3.420581340834505113e+01
3.421347085482106820e+01
3.422112830129707817e+01
3.422878574777308813e+01
3.423644319424909810e+01
3.424410064072511517e+01
3.425175808720112514e+01
3.425941553367713510e+01
3.426707298015314507e+01
3.427473042662916214e+01
3.428238787310517210e+01
3.429004531958118207e+01
3.429770276605719204e+01
3.430536021253320911e+01
3.431301765900921907e+01
3.432067510548522904e+01
3.432833255196124611e+01
3.433598999843725608e+01
3.434364744491326604e+01
3.435130489138927601e+01
3.435896233786529308e+01
3.436661978434130305e+01
3.437427723081731301e+01
3.438193467729332298e+01
3.438959212376934005e+01
3.439724957024535001e+01
3.440490701672135998e+01
3.441256446319737705e+01
3.442022190967338702e+01
3.442787935614939698e+01
3.443553680262540695e+01
3.444319424910142402e+01
3.445085169557743399e+01
3.445850914205344395e+01
3.446616658852945392e+01
3.447382403500547099e+01
3.448148148148148096e+01
3.448913892795749092e+01
3.449679637443350089e+01
3.450445382090951796e+01
3.451211126738552792e+01
3.451976871386153789e+01
3.452742616033755496e+01
3.453508360681356493e+01
3.454274105328957489e+01
3.455039849976558486e+01
3.455805594624160193e+01
3.456571339271761190e+01
3.457337083919362186e+01
3.458102828566963183e+01
3.458868573214564890e+01
3.459634317862165886e+01
3.460400062509766883e+01
3.461165807157368590e+01
3.461931551804969587e+01
3.462697296452570583e+01
3.463463041100171580e+01
3.464228785747773287e+01
3.464994530395374284e+01
3.465760275042975280e+01
3.466526019690576277e+01
3.467291764338177984e+01
3.468057508985778981e+01
3.468823253633379977e+01
3.469588998280980974e+01
3.470354742928582681e+01
3.471120487576183677e+01
3.471886232223784674e+01
3.472651976871386381e+01
3.473417721518987378e+01
3.474183466166588374e+01
3.474949210814189371e+01
3.475714955461791078e+01
3.476480700109392075e+01
3.477246444756993071e+01
3.478012189404594068e+01
3.478777934052195775e+01
3.479543678699796772e+01
3.480309423347397768e+01
3.481075167994999475e+01
3.481840912642600472e+01
3.482606657290201468e+01
3.483372401937802465e+01
3.484138146585404172e+01
3.484903891233005169e+01
3.485669635880606165e+01
3.486435380528207162e+01
3.487201125175808869e+01
3.487966869823409866e+01
3.488732614471010862e+01
3.489498359118611859e+01
3.490264103766213566e+01
3.491029848413814562e+01
3.491795593061415559e+01
3.492561337709017266e+01
3.493327082356618263e+01
3.494092827004219259e+01
3.494858571651820256e+01
3.495624316299421963e+01
3.496390060947022960e+01
3.497155805594623956e+01
3.497921550242224953e+01
3.498687294889826660e+01
3.499453039537427657e+01
3.500218784185028653e+01
3.500984528832630360e+01
3.501750273480231357e+01
3.502516018127832353e+01
3.503281762775433350e+01
3.504047507423035057e+01
3.504813252070636054e+01
3.505578996718237050e+01
3.506344741365838047e+01
3.507110486013439754e+01
3.507876230661040751e+01
3.508641975308641747e+01
3.509407719956242744e+01
3.510173464603844451e+01
3.510939209251445448e+01
3.511704953899046444e+01
3.512470698546648151e+01
3.513236443194249148e+01
3.514002187841850144e+01
3.514767932489451141e+01
3.515533677137052848e+01
3.516299421784653845e+01
3.517065166432254841e+01
3.517830911079855838e+01
3.518596655727457545e+01
3.519362400375058542e+01
3.520128145022659538e+01
3.520893889670260535e+01
3.521659634317862242e+01
3.522425378965463239e+01
3.523191123613064235e+01
3.523956868260665942e+01
3.524722612908266939e+01
3.525488357555867935e+01
3.526254102203468932e+01
3.527019846851070639e+01
3.527785591498671636e+01
3.528551336146272632e+01
3.529317080793873629e+01
3.530082825441475336e+01
3.530848570089076333e+01
3.531614314736677329e+01
3.532380059384279036e+01
3.533145804031880033e+01
3.533911548679481029e+01
3.534677293327082026e+01
3.535443037974683733e+01
3.536208782622284730e+01
3.536974527269885726e+01
3.537740271917486723e+01
3.538506016565088430e+01
3.539271761212689427e+01
3.540037505860290423e+01
3.540803250507891420e+01
3.541568995155493127e+01
3.542334739803094124e+01
3.543100484450695120e+01
3.543866229098296827e+01
3.544631973745897824e+01
3.545397718393498820e+01
3.546163463041099817e+01
3.546929207688701524e+01
3.547694952336302521e+01
3.548460696983903517e+01
3.549226441631504514e+01
3.549992186279106221e+01
3.550757930926707218e+01
3.551523675574308214e+01
3.552289420221909921e+01
3.553055164869510918e+01
3.553820909517111915e+01
3.554586654164712911e+01
3.555352398812314618e+01
3.556118143459915615e+01
3.556883888107516611e+01
3.557649632755117608e+01
3.558415377402719315e+01
3.559181122050320312e+01
3.559946866697921308e+01
3.560712611345522305e+01
3.561478355993124012e+01
3.562244100640725009e+01
3.563009845288326005e+01
3.563775589935927712e+01
3.564541334583528709e+01
3.565307079231129705e+01
3.566072823878730702e+01
3.566838568526332409e+01
3.567604313173933406e+01
3.568370057821534402e+01
3.569135802469135399e+01
3.569901547116737106e+01
3.570667291764338103e+01
3.571433036411939099e+01
3.572198781059540806e+01
3.572964525707141803e+01
3.573730270354742800e+01
3.574496015002343796e+01
3.575261759649945503e+01
3.576027504297546500e+01
3.576793248945147496e+01
3.577558993592748493e+01
3.578324738240350200e+01
3.579090482887951197e+01
3.579856227535552193e+01
3.580621972183153190e+01
3.581387716830754897e+01
3.582153461478355894e+01
3.582919206125956890e+01
3.583684950773558597e+01
3.584450695421159594e+01
3.585216440068760591e+01
3.585982184716361587e+01
3.586747929363963294e+01
3.587513674011564291e+01
3.588279418659165287e+01
3.589045163306766284e+01
3.589810907954367991e+01
3.590576652601968988e+01
3.591342397249569984e+01
3.592108141897171691e+01
3.592873886544772688e+01
3.593639631192373685e+01
3.594405375839974681e+01
3.595171120487576388e+01
3.595936865135177385e+01
3.596702609782778381e+01
3.597468354430379378e+01
3.598234099077981085e+01
3.598999843725582082e+01
3.599765588373183078e+01
3.600531333020784075e+01
3.601297077668385782e+01
3.602062822315986779e+01
3.602828566963587775e+01
3.603594311611189482e+01
3.604360056258790479e+01
3.605125800906391476e+01
3.605891545553992472e+01
3.606657290201594179e+01
3.607423034849195176e+01
3.608188779496796172e+01
3.608954524144397169e+01
3.609720268791998876e+01
3.610486013439599873e+01
3.611251758087200869e+01
3.612017502734801866e+01
3.612783247382403573e+01
3.613548992030004570e+01
3.614314736677605566e+01
3.615080481325207273e+01
3.615846225972808270e+01
3.616611970620409267e+01
3.617377715268010263e+01
3.618143459915611970e+01
3.618909204563212967e+01
3.619674949210813963e+01
3.620440693858414960e+01
3.621206438506016667e+01
3.621972183153617664e+01
3.622737927801218660e+01
3.623503672448820367e+01
3.624269417096421364e+01
3.625035161744022361e+01
3.625800906391623357e+01
3.626566651039225064e+01
3.627332395686826061e+01
3.628098140334427057e+01
3.628863884982028054e+01
3.629629629629629761e+01
3.630395374277230758e+01
3.631161118924831754e+01
3.631926863572432751e+01
3.632692608220034458e+01
3.633458352867635455e+01
3.634224097515236451e+01
3.634989842162838158e+01
3.635755586810439155e+01
3.636521331458040152e+01
3.637287076105641148e+01
3.638052820753242855e+01
3.638818565400843852e+01
3.639584310048444848e+01
3.640350054696045845e+01
3.641115799343647552e+01
3.641881543991248549e+01
3.642647288638849545e+01
3.643413033286451252e+01
3.644178777934052249e+01
3.644944522581653246e+01
3.645710267229254242e+01
3.646476011876855949e+01
3.647241756524456946e+01
3.648007501172057943e+01
3.648773245819658939e+01
3.649538990467260646e+01
3.650304735114861643e+01
3.651070479762462639e+01
3.651836224410063636e+01
3.652601969057665343e+01
3.653367713705266340e+01
3.654133458352867336e+01
3.654899203000469043e+01
3.655664947648070040e+01
3.656430692295671037e+01
3.657196436943272033e+01
3.657962181590873740e+01
3.658727926238474737e+01
3.659493670886075734e+01
3.660259415533676730e+01
3.661025160181278437e+01
3.661790904828879434e+01
3.662556649476480430e+01
3.663322394124082138e+01
3.664088138771683134e+01
3.664853883419284131e+01
3.665619628066885127e+01
3.666385372714486834e+01
3.667151117362087831e+01
3.667916862009688828e+01
3.668682606657289824e+01
3.669448351304891531e+01
3.670214095952492528e+01
3.670979840600093524e+01
3.671745585247694521e+01
3.672511329895296228e+01
3.673277074542897225e+01
3.674042819190498221e+01
3.674808563838099928e+01
3.675574308485700925e+01
3.676340053133301922e+01
3.677105797780902918e+01
3.677871542428504625e+01
3.678637287076105622e+01
3.679403031723706619e+01
3.680168776371307615e+01
3.680934521018909322e+01
3.681700265666510319e+01
3.682466010314111315e+01
3.683231754961713023e+01
3.683997499609314019e+01
3.684763244256915016e+01
3.685528988904516012e+01
3.686294733552117719e+01
3.687060478199718716e+01
3.687826222847319713e+01
3.688591967494920709e+01
3.689357712142522416e+01
3.690123456790123413e+01
3.690889201437724410e+01
3.691654946085325406e+01
3.692420690732927113e+01
3.693186435380528110e+01
3.693952180028129106e+01
3.694717924675730814e+01
3.695483669323331810e+01
3.696249413970932807e+01
3.697015158618533803e+01
3.697780903266135510e+01
3.698546647913736507e+01
3.699312392561337504e+01
3.700078137208938500e+01
3.700843881856540207e+01
3.701609626504141204e+01
3.702375371151742200e+01
3.703141115799343908e+01
3.703906860446944904e+01
3.704672605094545901e+01
3.705438349742146897e+01
3.706204094389748604e+01
3.706969839037349601e+01
3.707735583684950598e+01
3.708501328332551594e+01
3.709267072980153301e+01
3.710032817627754298e+01
3.710798562275355295e+01
3.711564306922956291e+01
3.712330051570557998e+01
3.713095796218158995e+01
3.713861540865759991e+01
3.714627285513361699e+01
3.715393030160962695e+01
3.716158774808563692e+01
3.716924519456164688e+01
3.717690264103766395e+01
3.718456008751367392e+01
3.719221753398968389e+01
3.719987498046569385e+01
3.720753242694171092e+01
3.721518987341772089e+01
3.722284731989373086e+01
3.723050476636974082e+01
3.723816221284575789e+01
3.724581965932176786e+01
3.725347710579777782e+01
3.726113455227379490e+01
3.726879199874980486e+01
3.727644944522581483e+01
3.728410689170182479e+01
3.729176433817784186e+01
3.729942178465385183e+01
3.730707923112986180e+01
3.731473667760587176e+01
3.732239412408188883e+01
3.733005157055789880e+01
3.733770901703390876e+01
3.734536646350992584e+01
3.735302390998593580e+01
3.736068135646194577e+01
3.736833880293795573e+01
3.737599624941397281e+01
3.738365369588998277e+01
3.739131114236599274e+01
3.739896858884200270e+01
3.740662603531801977e+01
3.741428348179402974e+01
3.742194092827003971e+01
3.742959837474604967e+01
3.743725582122206674e+01
3.744491326769807671e+01
3.745257071417408667e+01
3.746022816065010375e+01
3.746788560712611371e+01
3.747554305360212368e+01
3.748320050007813364e+01
3.749085794655415071e+01
3.749851539303016068e+01
3.750617283950617065e+01
3.751383028598218061e+01
3.752148773245819768e+01
3.752914517893420765e+01
3.753680262541021762e+01
3.754446007188623469e+01
3.755211751836224465e+01
3.755977496483825462e+01
3.756743241131426458e+01
3.757508985779028166e+01
3.758274730426629162e+01
3.759040475074230159e+01
3.759806219721831155e+01
3.760571964369432862e+01
3.761337709017033859e+01
3.762103453664634856e+01
3.762869198312235852e+01
3.763634942959837559e+01
3.764400687607438556e+01
3.765166432255039553e+01
3.765932176902641260e+01
3.766697921550242256e+01
3.767463666197843253e+01
3.768229410845444249e+01
3.768995155493045957e+01
3.769760900140646953e+01
3.770526644788247950e+01
3.771292389435848946e+01
3.772058134083450653e+01
3.772823878731051650e+01
3.773589623378652647e+01
3.774355368026254354e+01
3.775121112673855350e+01
3.775886857321456347e+01
3.776652601969057343e+01
3.777418346616659051e+01
3.778184091264260047e+01
3.778949835911861044e+01
3.779715580559462040e+01
3.780481325207063747e+01
3.781247069854664744e+01
3.782012814502265741e+01
3.782778559149866737e+01
3.783544303797468444e+01
3.784310048445069441e+01
3.785075793092670438e+01
3.785841537740272145e+01
3.786607282387873141e+01
3.787373027035474138e+01
3.788138771683075134e+01
3.788904516330676842e+01
3.789670260978277838e+01
3.790436005625878835e+01
3.791201750273479831e+01
3.791967494921081538e+01
3.792733239568682535e+01
3.793498984216283532e+01
3.794264728863885239e+01
3.795030473511486235e+01
3.795796218159087232e+01
3.796561962806688229e+01
3.797327707454289936e+01
3.798093452101890932e+01
3.798859196749491929e+01
3.799624941397092925e+01
3.800390686044694633e+01
3.801156430692295629e+01
3.801922175339896626e+01
3.802687919987497622e+01
3.803453664635099329e+01
3.804219409282700326e+01
3.804985153930301323e+01
3.805750898577903030e+01
3.806516643225504026e+01
3.807282387873105023e+01
3.808048132520706019e+01
3.808813877168307727e+01
3.809579621815908723e+01
3.810345366463509720e+01
3.811111111111110716e+01
3.811876855758712423e+01
3.812642600406313420e+01
3.813408345053914417e+01
3.814174089701515413e+01
3.814939834349117120e+01
3.815705578996718117e+01
3.816471323644319114e+01
3.817237068291920821e+01
3.818002812939521817e+01
3.818768557587122814e+01
3.819534302234723810e+01
3.820300046882325518e+01
3.821065791529926514e+01
3.821831536177527511e+01
3.822597280825128507e+01
3.823363025472730214e+01
3.824128770120331211e+01
3.824894514767932208e+01
3.825660259415533915e+01
3.826426004063134911e+01
3.827191748710735908e+01
3.827957493358336905e+01
3.828723238005938612e+01
3.829488982653539608e+01
3.830254727301140605e+01
3.831020471948741601e+01
3.831786216596343309e+01
3.832551961243944305e+01
3.833317705891545302e+01
3.834083450539146298e+01
3.834849195186748005e+01
3.835614939834349002e+01
3.836380684481949999e+01
3.837146429129551706e+01
3.837912173777152702e+01
3.838677918424753699e+01
3.839443663072354695e+01
3.840209407719956403e+01
3.840975152367557399e+01
3.841740897015158396e+01
3.842506641662759392e+01
3.843272386310361100e+01
3.844038130957962096e+01
3.844803875605563093e+01
3.845569620253164800e+01
3.846335364900765796e+01
3.847101109548366793e+01
3.847866854195967790e+01
3.848632598843569497e+01
3.849398343491170493e+01
3.850164088138771490e+01
3.850929832786372486e+01
3.851695577433974194e+01
3.852461322081575190e+01
3.853227066729176187e+01
3.853992811376777183e+01
3.854758556024378890e+01
3.855524300671979887e+01
3.856290045319580884e+01
3.857055789967182591e+01
3.857821534614783587e+01
3.858587279262384584e+01
3.859353023909985581e+01
3.860118768557587288e+01
3.860884513205188284e+01
3.861650257852789281e+01
3.862416002500390277e+01
3.863181747147991985e+01
3.863947491795592981e+01
3.864713236443193978e+01
3.865478981090795685e+01
3.866244725738396681e+01
3.867010470385997678e+01
3.867776215033598675e+01
3.868541959681200382e+01
3.869307704328801378e+01
3.870073448976402375e+01
3.870839193624003371e+01
3.871604938271605079e+01
3.872370682919206075e+01
3.873136427566807072e+01
3.873902172214408068e+01
3.874667916862009776e+01
3.875433661509610772e+01
3.876199406157211769e+01
3.876965150804813476e+01
3.877730895452414472e+01
3.878496640100015469e+01
3.879262384747616466e+01
3.880028129395218173e+01
3.880793874042819169e+01
3.881559618690420166e+01
3.882325363338021162e+01
3.883091107985622870e+01
3.883856852633223866e+01
3.884622597280824863e+01
3.885388341928426570e+01
3.886154086576027566e+01
3.886919831223628563e+01
3.887685575871229560e+01
3.888451320518831267e+01
3.889217065166432263e+01
3.889982809814033260e+01
3.890748554461634257e+01
3.891514299109235964e+01
3.892280043756836960e+01
3.893045788404437957e+01
3.893811533052038953e+01
3.894577277699640661e+01
3.895343022347241657e+01
3.896108766994842654e+01
3.896874511642444361e+01
3.897640256290045357e+01
3.898406000937646354e+01
3.899171745585247351e+01
3.899937490232849058e+01
3.900703234880450054e+01
3.901468979528051051e+01
3.902234724175652048e+01
3.903000468823253755e+01
3.903766213470854751e+01
3.904531958118455748e+01
3.905297702766056744e+01
3.906063447413658452e+01
3.906829192061259448e+01
3.907594936708860445e+01
3.908360681356462152e+01
3.909126426004063148e+01
3.909892170651664145e+01
3.910657915299265142e+01
3.911423659946866849e+01
3.912189404594467845e+01
3.912955149242068842e+01
3.913720893889669838e+01
3.914486638537271546e+01
3.915252383184872542e+01
3.916018127832473539e+01
3.916783872480075246e+01
3.917549617127676242e+01
3.918315361775277239e+01
3.919081106422878236e+01
3.919846851070479943e+01
3.920612595718080939e+01
3.921378340365681936e+01
3.922144085013282933e+01
3.922909829660884640e+01
3.923675574308485636e+01
3.924441318956086633e+01
3.925207063603687629e+01
3.925972808251289337e+01
3.926738552898890333e+01
3.927504297546491330e+01
3.928270042194093037e+01
3.929035786841694033e+01
3.929801531489295030e+01
3.930567276136896027e+01
3.931333020784497734e+01
3.932098765432098730e+01
3.932864510079699727e+01
3.933630254727300724e+01
3.934395999374902431e+01
3.935161744022503427e+01
3.935927488670104424e+01
3.936693233317706131e+01
3.937458977965307128e+01
3.938224722612908124e+01
3.938990467260509121e+01
3.939756211908110828e+01
3.940521956555711824e+01
3.941287701203312821e+01
3.942053445850913818e+01
3.942819190498515525e+01
3.943584935146116521e+01
3.944350679793717518e+01
3.945116424441318514e+01
3.945882169088920222e+01
3.946647913736521218e+01
3.947413658384122215e+01
3.948179403031723922e+01
3.948945147679324918e+01
3.949710892326925915e+01
3.950476636974526912e+01
3.951242381622128619e+01
3.952008126269729615e+01
3.952773870917330612e+01
3.953539615564931609e+01
3.954305360212533316e+01
3.955071104860134312e+01
3.955836849507735309e+01
3.956602594155337016e+01
3.957368338802938013e+01
3.958134083450539009e+01
3.958899828098140006e+01
3.959665572745741713e+01
3.960431317393342709e+01
3.961197062040943706e+01
3.961962806688544703e+01
3.962728551336146410e+01
3.963494295983747406e+01
3.964260040631348403e+01
3.965025785278949400e+01
3.965791529926551107e+01
3.966557274574152103e+01
3.967323019221753100e+01
3.968088763869354807e+01
3.968854508516955804e+01
3.969620253164556800e+01
3.970385997812157797e+01
3.971151742459759504e+01
3.971917487107360500e+01
3.972683231754961497e+01
3.973448976402562494e+01
3.974214721050164201e+01
3.974980465697765197e+01
3.975746210345366194e+01
3.976511954992967901e+01
3.977277699640568898e+01
3.978043444288169894e+01
3.978809188935770891e+01
3.979574933583372598e+01
3.980340678230973595e+01
3.981106422878574591e+01
3.981872167526175588e+01
3.982637912173777295e+01
3.983403656821378291e+01
3.984169401468979288e+01
3.984935146116580285e+01
3.985700890764181992e+01
3.986466635411782988e+01
3.987232380059383985e+01
3.987998124706985692e+01
3.988763869354586689e+01
3.989529614002187685e+01
3.990295358649788682e+01
3.991061103297390389e+01
3.991826847944991385e+01
3.992592592592592382e+01
3.993358337240193379e+01
3.994124081887795086e+01
3.994889826535396082e+01
3.995655571182997079e+01
3.996421315830598076e+01
3.997187060478199783e+01
3.997952805125800779e+01
3.998718549773401776e+01
3.999484294421003483e+01
4.000250039068604480e+01
4.001015783716205476e+01
4.001781528363806473e+01
4.002547273011408180e+01
4.003313017659009176e+01
4.004078762306610173e+01
4.004844506954211170e+01
4.005610251601812877e+01
4.006375996249413873e+01
4.007141740897014870e+01
4.007907485544616577e+01
4.008673230192217574e+01
4.009438974839818570e+01
4.010204719487419567e+01
4.010970464135021274e+01
4.011736208782622271e+01
4.012501953430223267e+01
4.013267698077824264e+01
4.014033442725425971e+01
4.014799187373026967e+01
4.015564932020627964e+01
4.016330676668228961e+01
4.017096421315830668e+01
4.017862165963431664e+01
4.018627910611032661e+01
4.019393655258634368e+01
4.020159399906235365e+01
4.020925144553836361e+01
4.021690889201437358e+01
4.022456633849039065e+01
4.023222378496640061e+01
4.023988123144241058e+01
4.024753867791842055e+01
4.025519612439443762e+01
4.026285357087044758e+01
4.027051101734645755e+01
4.027816846382247462e+01
4.028582591029848459e+01
4.029348335677449455e+01
4.030114080325050452e+01
4.030879824972652159e+01
4.031645569620253156e+01
4.032411314267854152e+01
4.033177058915455149e+01
4.033942803563056856e+01
4.034708548210657852e+01
4.035474292858258849e+01
4.036240037505859846e+01
4.037005782153461553e+01
4.037771526801062549e+01
4.038537271448663546e+01
4.039303016096265253e+01
4.040068760743866250e+01
4.040834505391467246e+01
4.041600250039068243e+01
4.042365994686669950e+01
4.043131739334270947e+01
4.043897483981871943e+01
4.044663228629472940e+01
4.045428973277074647e+01
4.046194717924675643e+01
4.046960462572276640e+01
4.047726207219878347e+01
4.048491951867479344e+01
4.049257696515080340e+01
4.050023441162681337e+01
4.050789185810283044e+01
4.051554930457884041e+01
4.052320675105485037e+01
4.053086419753086034e+01
4.053852164400687741e+01
4.054617909048288737e+01
4.055383653695889734e+01
4.056149398343490731e+01
4.056915142991092438e+01
4.057680887638693434e+01
4.058446632286294431e+01
4.059212376933896138e+01
4.059978121581497135e+01
4.060743866229098131e+01
4.061509610876699128e+01
4.062275355524300835e+01
4.063041100171901832e+01
4.063806844819502828e+01
4.064572589467103825e+01
4.065338334114705532e+01
4.066104078762306528e+01
4.066869823409907525e+01
4.067635568057509232e+01
4.068401312705110229e+01
4.069167057352711225e+01
4.069932802000312222e+01
4.070698546647913929e+01
4.071464291295514926e+01
4.072230035943115922e+01
4.072995780590716919e+01
4.073761525238318626e+01
4.074527269885919623e+01
4.075293014533520619e+01
4.076058759181121616e+01
4.076824503828723323e+01
4.077590248476324319e+01
4.078355993123925316e+01
4.079121737771527023e+01
4.079887482419128020e+01
4.080653227066729016e+01
4.081418971714330013e+01
4.082184716361931720e+01
4.082950461009532717e+01
4.083716205657133713e+01
4.084481950304734710e+01
4.085247694952336417e+01
4.086013439599937414e+01
4.086779184247538410e+01
4.087544928895139407e+01
4.088310673542741114e+01
4.089076418190342110e+01
4.089842162837943107e+01
4.090607907485544814e+01
4.091373652133145811e+01
4.092139396780746807e+01
4.092905141428347804e+01
4.093670886075949511e+01
4.094436630723550508e+01
4.095202375371151504e+01
4.095968120018752501e+01
4.096733864666354208e+01
4.097499609313955204e+01
4.098265353961556201e+01
4.099031098609157908e+01
4.099796843256758905e+01
4.100562587904359901e+01
4.101328332551960898e+01
4.102094077199562605e+01
4.102859821847163602e+01
4.103625566494764598e+01
4.104391311142365595e+01
4.105157055789967302e+01
4.105922800437568299e+01
4.106688545085169295e+01
4.107454289732770292e+01
4.108220034380371999e+01
4.108985779027972995e+01
4.109751523675573992e+01
4.110517268323175699e+01
4.111283012970776696e+01
4.112048757618377692e+01
4.112814502265978689e+01
4.113580246913580396e+01
4.114345991561181393e+01
4.115111736208782389e+01
4.115877480856383386e+01
4.116643225503985093e+01
4.117408970151586090e+01
4.118174714799187086e+01
4.118940459446788793e+01
4.119706204094389790e+01
4.120471948741990786e+01
4.121237693389591783e+01
4.122003438037193490e+01
4.122769182684794487e+01
4.123534927332395483e+01
4.124300671979996480e+01
4.125066416627598187e+01
4.125832161275199184e+01
4.126597905922800180e+01
4.127363650570401177e+01
4.128129395218002884e+01
4.128895139865603880e+01
4.129660884513204877e+01
4.130426629160806584e+01
4.131192373808407581e+01
4.131958118456008577e+01
4.132723863103609574e+01
4.133489607751211281e+01
4.134255352398812278e+01
4.135021097046413274e+01
4.135786841694014271e+01
4.136552586341615978e+01
4.137318330989216975e+01
4.138084075636817971e+01
4.138849820284419678e+01
4.139615564932020675e+01
4.140381309579621671e+01
4.141147054227222668e+01
4.141912798874824375e+01
4.142678543522425372e+01
4.143444288170026368e+01
4.144210032817627365e+01
4.144975777465229072e+01
4.145741522112830069e+01
4.146507266760431065e+01
4.147273011408032062e+01
4.148038756055633769e+01
4.148804500703234766e+01
4.149570245350835762e+01
4.150335989998437469e+01
4.151101734646038466e+01
4.151867479293639462e+01
4.152633223941240459e+01
4.153398968588842166e+01
4.154164713236443163e+01
4.154930457884044159e+01
4.155696202531645156e+01
4.156461947179246863e+01
4.157227691826847860e+01
4.157993436474448856e+01
4.158759181122050563e+01
4.159524925769651560e+01
4.160290670417252556e+01
4.161056415064853553e+01
4.161822159712455260e+01
4.162587904360056257e+01
4.163353649007657253e+01
4.164119393655258250e+01
4.164885138302859957e+01
4.165650882950460954e+01
4.166416627598061950e+01
4.167182372245662947e+01
4.167948116893264654e+01
4.168713861540865651e+01
4.169479606188466647e+01
4.170245350836068354e+01
4.171011095483669351e+01
4.171776840131270347e+01
4.172542584778871344e+01
4.173308329426473051e+01
4.174074074074074048e+01
4.174839818721675044e+01
4.175605563369276041e+01
4.176371308016877748e+01
4.177137052664478745e+01
4.177902797312079741e+01
4.178668541959681448e+01
4.179434286607282445e+01
4.180200031254883442e+01
4.180965775902484438e+01
4.181731520550086145e+01
4.182497265197687142e+01
4.183263009845288138e+01
4.184028754492889135e+01
4.184794499140490842e+01
4.185560243788091839e+01
4.186325988435692835e+01
4.187091733083293832e+01
4.187857477730895539e+01
4.188623222378496536e+01
4.189388967026097532e+01
4.190154711673699239e+01
4.190920456321300236e+01
4.191686200968901232e+01
4.192451945616502229e+01
4.193217690264103936e+01
4.193983434911704933e+01
4.194749179559305929e+01
4.195514924206906926e+01
4.196280668854508633e+01
4.197046413502109630e+01
4.197812158149710626e+01
4.198577902797311623e+01
4.199343647444913330e+01
4.200109392092514327e+01
4.200875136740115323e+01
4.201640881387717030e+01
4.202406626035318027e+01
4.203172370682919023e+01
4.203938115330520020e+01
4.204703859978121727e+01
4.205469604625722724e+01
4.206235349273323720e+01
4.207001093920924717e+01
4.207766838568526424e+01
4.208532583216127421e+01
4.209298327863728417e+01
4.210064072511330124e+01
4.210829817158931121e+01
4.211595561806532118e+01
4.212361306454133114e+01
4.213127051101734821e+01
4.213892795749335818e+01
4.214658540396936814e+01
4.215424285044537811e+01
4.216190029692139518e+01
4.216955774339740515e+01
4.217721518987341511e+01
4.218487263634942508e+01
4.219253008282544215e+01
4.220018752930145212e+01
4.220784497577746208e+01
4.221550242225347915e+01
4.222315986872948912e+01
4.223081731520549909e+01
4.223847476168150905e+01
4.224613220815752612e+01
4.225378965463353609e+01
4.226144710110954605e+01
4.226910454758555602e+01
4.227676199406157309e+01
4.228441944053758306e+01
4.229207688701359302e+01
4.229973433348961009e+01
4.230739177996562006e+01
4.231504922644163003e+01
4.232270667291763999e+01
4.233036411939365706e+01
4.233802156586966703e+01
4.234567901234567699e+01
4.235333645882168696e+01
4.236099390529770403e+01
4.236865135177371400e+01
4.237630879824972396e+01
4.238396624472573393e+01
4.239162369120175100e+01
4.239928113767776097e+01
4.240693858415377093e+01
4.241459603062978800e+01
4.242225347710579797e+01
4.242991092358180794e+01
4.243756837005781790e+01
4.244522581653383497e+01
4.245288326300984494e+01
4.246054070948585490e+01
4.246819815596186487e+01
4.247585560243788194e+01
4.248351304891389191e+01
4.249117049538990187e+01
4.249882794186591894e+01
4.250648538834192891e+01
4.251414283481793888e+01
4.252180028129394884e+01
4.252945772776996591e+01
4.253711517424597588e+01
4.254477262072198585e+01
4.255243006719799581e+01
4.256008751367401288e+01
4.256774496015002285e+01
4.257540240662603281e+01
4.258305985310204278e+01
4.259071729957805985e+01
4.259837474605406982e+01
4.260603219253007978e+01
4.261368963900609685e+01
4.262134708548210682e+01
4.262900453195811679e+01
4.263666197843412675e+01
4.264431942491014382e+01
4.265197687138615379e+01
4.265963431786216375e+01
4.266729176433817372e+01
4.267494921081419079e+01
4.268260665729020076e+01
4.269026410376621072e+01
4.269792155024222780e+01
4.270557899671823776e+01
4.271323644319424773e+01
4.272089388967025769e+01
4.272855133614627476e+01
4.273620878262228473e+01
4.274386622909829470e+01
4.275152367557430466e+01
4.275918112205032173e+01
4.276683856852633170e+01
4.277449601500234166e+01
4.278215346147835163e+01
4.278981090795436870e+01
4.279746835443037867e+01
4.280512580090638863e+01
4.281278324738240570e+01
4.282044069385841567e+01
4.282809814033442564e+01
4.283575558681043560e+01
4.284341303328645267e+01
4.285107047976246264e+01
4.285872792623847261e+01
4.286638537271448257e+01
4.287404281919049964e+01
4.288170026566650961e+01
4.288935771214251957e+01
4.289701515861852954e+01
4.290467260509454661e+01
4.291233005157055658e+01
4.291998749804656654e+01
4.292764494452258361e+01
4.293530239099859358e+01
4.294295983747460355e+01
4.295061728395061351e+01
4.295827473042663058e+01
4.296593217690264055e+01
4.297358962337865051e+01
4.298124706985466048e+01
4.298890451633067755e+01
4.299656196280668752e+01
4.300421940928269748e+01
4.301187685575871456e+01
4.301953430223472452e+01
4.302719174871073449e+01
4.303484919518674445e+01
4.304250664166276152e+01
4.305016408813877149e+01
4.305782153461478146e+01
4.306547898109079142e+01
4.307313642756680849e+01
4.308079387404281846e+01
4.308845132051882842e+01
4.309610876699483839e+01
4.310376621347085546e+01
4.311142365994686543e+01
4.311908110642287539e+01
4.312673855289889246e+01
4.313439599937490243e+01
4.314205344585091240e+01
4.314971089232692236e+01
4.315736833880293943e+01
4.316502578527894940e+01
4.317268323175495937e+01
4.318034067823096933e+01
4.318799812470698640e+01
4.319565557118299637e+01
4.320331301765900633e+01
4.321097046413502341e+01
4.321862791061103337e+01
4.322628535708704334e+01
4.323394280356305330e+01
4.324160025003907037e+01
4.324925769651508034e+01
4.325691514299109031e+01
4.326457258946710027e+01
4.327223003594311734e+01
4.327988748241912731e+01
4.328754492889513728e+01
4.329520237537114724e+01
4.330285982184716431e+01
4.331051726832317428e+01
4.331817471479918424e+01
4.332583216127520132e+01
4.333348960775121128e+01
4.334114705422722125e+01
4.334880450070323121e+01
4.335646194717924828e+01
4.336411939365525825e+01
4.337177684013126822e+01
4.337943428660727818e+01
4.338709173308329525e+01
4.339474917955930522e+01
4.340240662603531518e+01
4.341006407251133226e+01
4.341772151898734222e+01
4.342537896546335219e+01
4.343303641193936215e+01
4.344069385841537922e+01
4.344835130489138919e+01
4.345600875136739916e+01
4.346366619784340912e+01
4.347132364431942619e+01
4.347898109079543616e+01
4.348663853727144613e+01
4.349429598374745609e+01
4.350195343022347316e+01
4.350961087669948313e+01
4.351726832317549309e+01
4.352492576965151017e+01
4.353258321612752013e+01
4.354024066260353010e+01
4.354789810907954006e+01
4.355555555555555713e+01
4.356321300203156710e+01
4.357087044850757707e+01
4.357852789498358703e+01
4.358618534145960410e+01
4.359384278793561407e+01
4.360150023441162404e+01
4.360915768088764111e+01
4.361681512736365107e+01
4.362447257383966104e+01
4.363213002031567100e+01
4.363978746679168808e+01
4.364744491326769804e+01
4.365510235974370801e+01
4.366275980621971797e+01
4.367041725269573504e+01
4.367807469917174501e+01
4.368573214564775498e+01
4.369338959212376494e+01
4.370104703859978201e+01
4.370870448507579198e+01
4.371636193155180194e+01
4.372401937802781902e+01
4.373167682450382898e+01
4.373933427097983895e+01
4.374699171745584891e+01
4.375464916393186598e+01
4.376230661040787595e+01
4.376996405688388592e+01
4.377762150335989588e+01
4.378527894983591295e+01
4.379293639631192292e+01
4.380059384278793289e+01
4.380825128926394285e+01
4.381590873573995992e+01
4.382356618221596989e+01
4.383122362869197985e+01
4.383888107516799693e+01
4.384653852164400689e+01
4.385419596812001686e+01
4.386185341459602682e+01
4.386951086107204389e+01
4.387716830754805386e+01
4.388482575402406383e+01
4.389248320050007379e+01
4.390014064697609086e+01
4.390779809345210083e+01
4.391545553992811080e+01
4.392311298640412787e+01
4.393077043288013783e+01
4.393842787935614780e+01
4.394608532583215776e+01
4.395374277230817484e+01
4.396140021878418480e+01
4.396905766526019477e+01
4.397671511173620473e+01
4.398437255821222180e+01
4.399203000468823177e+01
4.399968745116424174e+01
4.400734489764025170e+01
4.401500234411626877e+01
4.402265979059227874e+01
4.403031723706828870e+01
4.403797468354430578e+01
4.404563213002031574e+01
4.405328957649632571e+01
4.406094702297233567e+01
4.406860446944835275e+01
4.407626191592436271e+01
4.408391936240037268e+01
4.409157680887638264e+01
4.409923425535239971e+01
4.410689170182840968e+01
4.411454914830441965e+01
4.412220659478043672e+01
4.412986404125644668e+01
4.413752148773245665e+01
4.414517893420846661e+01
4.415283638068448369e+01
4.416049382716049365e+01
4.416815127363650362e+01
4.417580872011251358e+01
4.418346616658853065e+01
4.419112361306454062e+01
4.419878105954055059e+01
4.420643850601656055e+01
4.421409595249257762e+01
4.422175339896858759e+01
4.422941084544459756e+01
4.423706829192061463e+01
4.424472573839662459e+01
4.425238318487263456e+01
4.426004063134864452e+01
4.426769807782466160e+01
4.427535552430067156e+01
4.428301297077668153e+01
4.429067041725269149e+01
4.429832786372870856e+01
4.430598531020471853e+01
4.431364275668072850e+01
4.432130020315674557e+01
4.432895764963275553e+01
4.433661509610876550e+01
4.434427254258477547e+01
4.435192998906079254e+01
4.435958743553680250e+01
4.436724488201281247e+01
4.437490232848882243e+01
4.438255977496483951e+01
4.439021722144084947e+01
4.439787466791685944e+01
4.440553211439286940e+01
4.441318956086888647e+01
4.442084700734489644e+01
4.442850445382090641e+01
4.443616190029692348e+01
4.444381934677293344e+01
4.445147679324894341e+01
4.445913423972495337e+01
4.446679168620097045e+01
4.447444913267698041e+01
4.448210657915299038e+01
4.448976402562900034e+01
4.449742147210501741e+01
4.450507891858102738e+01
4.451273636505703735e+01
4.452039381153305442e+01
4.452805125800906438e+01
4.453570870448507435e+01
4.454336615096108432e+01
4.455102359743710139e+01
4.455868104391311135e+01
4.456633849038912132e+01
4.457399593686513128e+01
4.458165338334114836e+01
4.458931082981715832e+01
4.459696827629316829e+01
4.460462572276917825e+01
4.461228316924519532e+01
4.461994061572120529e+01
4.462759806219721526e+01
4.463525550867323233e+01
4.464291295514924229e+01
4.465057040162525226e+01
4.465822784810126223e+01
4.466588529457727930e+01
4.467354274105328926e+01
4.468120018752929923e+01
4.468885763400530919e+01
4.469651508048132627e+01
4.470417252695733623e+01
4.471182997343334620e+01
4.471948741990935616e+01
4.472714486638537323e+01
4.473480231286138320e+01
4.474245975933739317e+01
4.475011720581341024e+01
4.475777465228942020e+01
4.476543209876543017e+01
4.477308954524144013e+01
4.478074699171745721e+01
4.478840443819346717e+01
4.479606188466947714e+01
4.480371933114548710e+01
4.481137677762150417e+01
4.481903422409751414e+01
4.482669167057352411e+01
4.483434911704954118e+01
4.484200656352555114e+01
4.484966401000156111e+01
4.485732145647757108e+01
4.486497890295358815e+01
4.487263634942959811e+01
4.488029379590560808e+01
4.488795124238161804e+01
4.489560868885763512e+01
4.490326613533364508e+01
4.491092358180965505e+01
4.491858102828566501e+01
4.492623847476168208e+01
4.493389592123769205e+01
4.494155336771370202e+01
4.494921081418971909e+01
4.495686826066572905e+01
4.496452570714173902e+01
4.497218315361774899e+01
4.497984060009376606e+01
4.498749804656977602e+01
4.499515549304578599e+01
4.500281293952179595e+01
4.501047038599781303e+01
4.501812783247382299e+01
4.502578527894983296e+01
4.503344272542585003e+01
4.504110017190185999e+01
4.504875761837786996e+01
4.505641506485387993e+01
4.506407251132989700e+01
4.507172995780590696e+01
4.507938740428191693e+01
4.508704485075792689e+01
4.509470229723394397e+01
4.510235974370995393e+01
4.511001719018596390e+01
4.511767463666197386e+01
4.512533208313799094e+01
4.513298952961400090e+01
4.514064697609001087e+01
4.514830442256602794e+01
4.515596186904203790e+01
4.516361931551804787e+01
4.517127676199405784e+01
4.517893420847007491e+01
4.518659165494608487e+01
4.519424910142209484e+01
4.520190654789810480e+01
4.520956399437412188e+01
4.521722144085013184e+01
4.522487888732614181e+01
4.523253633380215888e+01
4.524019378027816884e+01
4.524785122675417881e+01
4.525550867323018878e+01
4.526316611970620585e+01
4.527082356618221581e+01
4.527848101265822578e+01
4.528613845913423575e+01
4.529379590561025282e+01
4.530145335208626278e+01
4.530911079856227275e+01
4.531676824503828271e+01
4.532442569151429979e+01
4.533208313799030975e+01
4.533974058446631972e+01
4.534739803094233679e+01
4.535505547741834675e+01
4.536271292389435672e+01
4.537037037037036669e+01
4.537802781684638376e+01
4.538568526332239372e+01
4.539334270979840369e+01
4.540100015627441365e+01
4.540865760275043073e+01
4.541631504922644069e+01
4.542397249570245066e+01
4.543162994217846773e+01
4.543928738865447770e+01
4.544694483513048766e+01
4.545460228160649763e+01
4.546225972808251470e+01
4.546991717455852466e+01
4.547757462103453463e+01
4.548523206751054460e+01
4.549288951398656167e+01
4.550054696046257163e+01
4.550820440693858160e+01
4.551586185341459156e+01
4.552351929989060864e+01
4.553117674636661860e+01
4.553883419284262857e+01
4.554649163931864564e+01
4.555414908579465560e+01
4.556180653227066557e+01
4.556946397874667554e+01
4.557712142522269261e+01
4.558477887169870257e+01
4.559243631817471254e+01
4.560009376465072251e+01
4.560775121112673958e+01
4.561540865760274954e+01
4.562306610407875951e+01
4.563072355055476947e+01
4.563838099703078655e+01
4.564603844350679651e+01
4.565369588998280648e+01
4.566135333645882355e+01
4.566901078293483351e+01
4.567666822941084348e+01
4.568432567588685345e+01
4.569198312236287052e+01
4.569964056883888048e+01
4.570729801531489045e+01
4.571495546179090042e+01
4.572261290826691749e+01
4.573027035474292745e+01
4.573792780121893742e+01
4.574558524769495449e+01
4.575324269417096446e+01
4.576090014064697442e+01
4.576855758712298439e+01
4.577621503359900146e+01
4.578387248007501142e+01
4.579152992655102139e+01
4.579918737302703136e+01
4.580684481950304843e+01
4.581450226597905839e+01
4.582215971245506836e+01
4.582981715893107832e+01
4.583747460540709540e+01
4.584513205188310536e+01
4.585278949835911533e+01
4.586044694483513240e+01
4.586810439131114236e+01
4.587576183778715233e+01
4.588341928426316230e+01
4.589107673073917937e+01
4.589873417721518933e+01
4.590639162369119930e+01
4.591404907016720927e+01
4.592170651664322634e+01
4.592936396311923630e+01
4.593702140959524627e+01
4.594467885607126334e+01
4.595233630254727331e+01
4.595999374902328327e+01
4.596765119549929324e+01
4.597530864197531031e+01
4.598296608845132027e+01
4.599062353492733024e+01
4.599828098140334021e+01
4.600593842787935728e+01
4.601359587435536724e+01
4.602125332083137721e+01
4.602891076730738718e+01
4.603656821378340425e+01
4.604422566025941421e+01
4.605188310673542418e+01
4.605954055321144125e+01
4.606719799968745122e+01
4.607485544616346118e+01
4.608251289263947115e+01
4.609017033911548822e+01
4.609782778559149818e+01
4.610548523206750815e+01
4.611314267854351812e+01
4.612080012501953519e+01
4.612845757149554515e+01
4.613611501797155512e+01
4.614377246444757219e+01
4.615142991092358216e+01
4.615908735739959212e+01
4.616674480387560209e+01
4.617440225035161916e+01
4.618205969682762912e+01
4.618971714330363909e+01
4.619737458977964906e+01
4.620503203625566613e+01
4.621268948273167609e+01
4.622034692920768606e+01
4.622800437568369603e+01
4.623566182215971310e+01
4.624331926863572306e+01
4.625097671511173303e+01
4.625863416158775010e+01
4.626629160806376007e+01
4.627394905453977003e+01
4.628160650101578000e+01
4.628926394749179707e+01
4.629692139396780703e+01
4.630457884044381700e+01
4.631223628691982697e+01
4.631989373339584404e+01
4.632755117987185400e+01
4.633520862634786397e+01
4.634286607282388104e+01
4.635052351929989101e+01
4.635818096577590097e+01
4.636583841225191094e+01
4.637349585872792801e+01
4.638115330520393798e+01
4.638881075167994794e+01
4.639646819815595791e+01
4.640412564463197498e+01
4.641178309110798494e+01
4.641944053758399491e+01
4.642709798406000488e+01
4.643475543053602195e+01
4.644241287701203191e+01
4.645007032348804188e+01
4.645772776996405895e+01
4.646538521644006892e+01
4.647304266291607888e+01
4.648070010939208885e+01
4.648835755586810592e+01
4.649601500234411589e+01
4.650367244882012585e+01
4.651132989529613582e+01
4.651898734177215289e+01
4.652664478824816285e+01
4.653430223472417282e+01
4.654195968120018989e+01
4.654961712767619986e+01
4.655727457415220982e+01
4.656493202062821979e+01
4.657258946710423686e+01
4.658024691358024683e+01
4.658790436005625679e+01
4.659556180653226676e+01
4.660321925300828383e+01
4.661087669948429379e+01
4.661853414596030376e+01
4.662619159243631373e+01
4.663384903891233080e+01
4.664150648538834076e+01
4.664916393186435073e+01
4.665682137834036780e+01
4.666447882481637777e+01
4.667213627129238773e+01
4.667979371776839770e+01
4.668745116424441477e+01
4.669510861072042474e+01
4.670276605719643470e+01
4.671042350367244467e+01
4.671808095014846174e+01
4.672573839662447170e+01
4.673339584310048167e+01
4.674105328957649164e+01
4.674871073605250871e+01
4.675636818252851867e+01
4.676402562900452864e+01
4.677168307548054571e+01
4.677934052195655568e+01
4.678699796843256564e+01
4.679465541490857561e+01
4.680231286138459268e+01
4.680997030786060265e+01
4.681762775433661261e+01
4.682528520081262258e+01
4.683294264728863965e+01
4.684060009376464961e+01
4.684825754024065958e+01
4.685591498671667665e+01
4.686357243319268662e+01
4.687122987966869658e+01
4.687888732614470655e+01
4.688654477262072362e+01
4.689420221909673359e+01
4.690185966557274355e+01
4.690951711204875352e+01
4.691717455852477059e+01
4.692483200500078055e+01
4.693248945147679052e+01
4.694014689795280049e+01
4.694780434442881756e+01
4.695546179090482752e+01
4.696311923738083749e+01
4.697077668385685456e+01
4.697843413033286453e+01
4.698609157680887449e+01
4.699374902328488446e+01
4.700140646976090153e+01
4.700906391623691150e+01
4.701672136271292146e+01
4.702437880918893143e+01
4.703203625566494850e+01
4.703969370214095846e+01
4.704735114861696843e+01
4.705500859509298550e+01
4.706266604156899547e+01
4.707032348804500543e+01
4.707798093452101540e+01
4.708563838099703247e+01
4.709329582747304244e+01
4.710095327394905240e+01
4.710861072042506237e+01
4.711626816690107944e+01
4.712392561337708941e+01
4.713158305985309937e+01
4.713924050632910934e+01
4.714689795280512641e+01
4.715455539928113637e+01
4.716221284575714634e+01
4.716987029223316341e+01
4.717752773870917338e+01
4.718518518518518334e+01
4.719284263166119331e+01
4.720050007813721038e+01
4.720815752461322035e+01
4.721581497108923031e+01
4.722347241756524028e+01
4.723112986404125735e+01
4.723878731051726731e+01
4.724644475699327728e+01
4.725410220346929435e+01
4.726175964994530432e+01
4.726941709642131428e+01
4.727707454289732425e+01
4.728473198937334132e+01
4.729238943584935129e+01
4.730004688232536125e+01
4.730770432880137122e+01
4.731536177527738829e+01
4.732301922175339826e+01
4.733067666822940822e+01
4.733833411470541819e+01
4.734599156118143526e+01
4.735364900765744522e+01
4.736130645413345519e+01
4.736896390060947226e+01
4.737662134708548223e+01
4.738427879356149219e+01
4.739193624003750216e+01
4.739959368651351923e+01
4.740725113298952920e+01
4.741490857946553916e+01
4.742256602594154913e+01
4.743022347241756620e+01
4.743788091889357617e+01
4.744553836536958613e+01
4.745319581184560320e+01
4.746085325832161317e+01
4.746851070479762313e+01
4.747616815127363310e+01
4.748382559774965017e+01
4.749148304422566014e+01
4.749914049070167010e+01
4.750679793717768007e+01
4.751445538365369714e+01
4.752211283012970711e+01
4.752977027660571707e+01
4.753742772308172704e+01
4.754508516955774411e+01
4.755274261603375408e+01
4.756040006250976404e+01
4.756805750898578111e+01
4.757571495546179108e+01
4.758337240193780104e+01
4.759102984841381101e+01
4.759868729488982808e+01
4.760634474136583805e+01
4.761400218784184801e+01
4.762165963431785798e+01
4.762931708079387505e+01
4.763697452726988502e+01
4.764463197374589498e+01
4.765228942022190495e+01
4.765994686669792202e+01
4.766760431317393198e+01
4.767526175964994195e+01
4.768291920612595902e+01
4.769057665260196899e+01
4.769823409907797895e+01
4.770589154555398892e+01
4.771354899203000599e+01
4.772120643850601596e+01
4.772886388498202592e+01
4.773652133145803589e+01
4.774417877793405296e+01
4.775183622441006293e+01
4.775949367088607289e+01
4.776715111736208996e+01
4.777480856383809993e+01
4.778246601031410989e+01
4.779012345679011986e+01
4.779778090326613693e+01
4.780543834974214690e+01
4.781309579621815686e+01
4.782075324269416683e+01
4.782841068917018390e+01
4.783606813564619387e+01
4.784372558212220383e+01
4.785138302859821380e+01
4.785904047507423087e+01
4.786669792155024084e+01
4.787435536802625080e+01
4.788201281450226787e+01
4.788967026097827784e+01
4.789732770745428780e+01
4.790498515393029777e+01
4.791264260040631484e+01
4.792030004688232481e+01
4.792795749335833477e+01
4.793561493983434474e+01
4.794327238631036181e+01
4.795092983278637178e+01
4.795858727926238174e+01
4.796624472573839881e+01
4.797390217221440878e+01
4.798155961869041874e+01
4.798921706516642871e+01
4.799687451164244578e+01
4.800453195811845575e+01
4.801218940459446571e+01
4.801984685107047568e+01
4.802750429754649275e+01
4.803516174402250272e+01
4.804281919049851268e+01
4.805047663697452265e+01
4.805813408345053972e+01
4.806579152992654969e+01
4.807344897640255965e+01
4.808110642287857672e+01
4.808876386935458669e+01
4.809642131583059665e+01
4.810407876230660662e+01
4.811173620878262369e+01
4.811939365525863366e+01
4.812705110173464362e+01
4.813470854821065359e+01
4.814236599468667066e+01
4.815002344116268063e+01
4.815768088763869059e+01
4.816533833411470766e+01
4.817299578059071763e+01
4.818065322706672760e+01
4.818831067354273756e+01
4.819596812001875463e+01
4.820362556649476460e+01
4.821128301297077456e+01
4.821894045944678453e+01
4.822659790592280160e+01
4.823425535239881157e+01
4.824191279887482153e+01
4.824957024535083150e+01
4.825722769182684857e+01
4.826488513830285854e+01
4.827254258477886850e+01
4.828020003125488557e+01
4.828785747773089554e+01
4.829551492420690550e+01
4.830317237068291547e+01
4.831082981715893254e+01
4.831848726363494251e+01
4.832614471011095247e+01
4.833380215658696244e+01
4.834145960306297951e+01
4.834911704953898948e+01
4.835677449601499944e+01
4.836443194249101651e+01
4.837208938896702648e+01
4.837974683544303645e+01
4.838740428191904641e+01
4.839506172839506348e+01
4.840271917487107345e+01
4.841037662134708341e+01
4.841803406782309338e+01
4.842569151429911045e+01
4.843334896077512042e+01
4.844100640725113038e+01
4.844866385372714035e+01
4.845632130020315742e+01
4.846397874667916739e+01
4.847163619315517735e+01
4.847929363963119442e+01
4.848695108610720439e+01
4.849460853258321436e+01
4.850226597905922432e+01
4.850992342553524139e+01
4.851758087201125136e+01
4.852523831848726132e+01
4.853289576496327129e+01
4.854055321143928836e+01
4.854821065791529833e+01
4.855586810439130829e+01
4.856352555086731826e+01
4.857118299734333533e+01
4.857884044381934530e+01
4.858649789029535526e+01
4.859415533677137233e+01
4.860181278324738230e+01
4.860947022972339226e+01
4.861712767619940223e+01
4.862478512267541930e+01
4.863244256915142927e+01
4.864010001562743923e+01
4.864775746210344920e+01
4.865541490857946627e+01
4.866307235505547624e+01
4.867072980153148620e+01
4.867838724800750327e+01
4.868604469448351324e+01
4.869370214095952321e+01
4.870135958743553317e+01
4.870901703391155024e+01
4.871667448038756021e+01
4.872433192686357017e+01
4.873198937333958014e+01
4.873964681981559721e+01
4.874730426629160718e+01
4.875496171276761714e+01
4.876261915924362711e+01
4.877027660571964418e+01
4.877793405219565415e+01
4.878559149867166411e+01
4.879324894514768118e+01
4.880090639162369115e+01
4.880856383809970112e+01
4.881622128457571108e+01
4.882387873105172815e+01
4.883153617752773812e+01
4.883919362400374808e+01
4.884685107047975805e+01
4.885450851695577512e+01
4.886216596343178509e+01
4.886982340990779505e+01
4.887748085638381212e+01
4.888513830285982209e+01
4.889279574933583206e+01
4.890045319581184202e+01
4.890811064228785909e+01
4.891576808876386906e+01
4.892342553523987903e+01
4.893108298171588899e+01
4.893874042819190606e+01
4.894639787466791603e+01
4.895405532114392599e+01
4.896171276761993596e+01
4.896937021409595303e+01
4.897702766057196300e+01
4.898468510704797296e+01
4.899234255352399003e+01
4.900000000000000000e+01
